PLAYER_ID,PLAYER_NAME,draft_year,year5_salary_cap_pct,target_observed_flag,holdout_for_case_study,holdout_reason,training_eligible_flag,split_group_draft_year,modeling_row_status
1882,Elton Brand,1999,0.25,1,0,,1,1999,trainable_target_observed
1883,Steve Francis,1999,0.25,1,0,,1,1999,trainable_target_observed
1884,Baron Davis,1999,0.25,1,0,,1,1999,trainable_target_observed
1885,Lamar Odom,1999,0.227271806569343,1,0,,1,1999,trainable_target_observed
1886,Jonathan Bender,1999,0.1322992700729927,1,0,,1,1999,trainable_target_observed
1887,Wally Szczerbiak,1999,0.1824817518248175,1,0,,1,1999,trainable_target_observed
1888,Richard Hamilton,1999,0.1482664233576642,1,0,,1,1999,trainable_target_observed
1889,Andre Miller,1999,0.1824817518248175,1,0,,1,1999,trainable_target_observed
1890,Shawn Marion,1999,0.25,1,0,,1,1999,trainable_target_observed
1891,Jason Terry,1999,0.1900851505474452,1,0,,1,1999,trainable_target_observed
1892,Trajan Langdon,1999,,0,0,,0,1999,target_missing_not_trainable
1893,Aleksandar Radojevic,1999,,0,0,,0,1999,target_missing_not_trainable
1894,Corey Maggette,1999,0.1596715328467153,1,0,,1,1999,trainable_target_observed
1895,William Avery,1999,,0,0,,0,1999,target_missing_not_trainable
1897,Metta World Peace,1999,0.1248559306569343,1,0,,1,1999,trainable_target_observed
1898,Cal Bowdler,1999,,0,0,,0,1999,target_missing_not_trainable
1899,James Posey,1999,0.1121578467153284,1,0,,1,1999,trainable_target_observed
1900,Quincy Lewis,1999,0.0046154425182481,1,0,,1,1999,trainable_target_observed
1901,Dion Glover,1999,0.0228102189781021,1,0,,1,1999,trainable_target_observed
1902,Jeff Foster,1999,0.0912408759124087,1,0,,1,1999,trainable_target_observed
1903,Kenny Thomas,1999,0.125456204379562,1,0,,1,1999,trainable_target_observed
1904,Devean George,1999,0.1036952554744525,1,0,,1,1999,trainable_target_observed
1905,Andrei Kirilenko,1999,0.02180200729927,1,0,,1,1999,trainable_target_observed
1906,Tim James,1999,,0,0,,0,1999,target_missing_not_trainable
1907,Vonteego Cummings,1999,,0,0,,0,1999,target_missing_not_trainable
1908,Jumaine Jones,1999,0.0342153284671532,1,0,,1,1999,trainable_target_observed
1909,Scott Padgett,1999,0.0157089187956204,1,0,,1,1999,trainable_target_observed
1910,Leon Smith,1999,,0,0,,0,1999,target_missing_not_trainable
1911,John Celestand,1999,,0,0,,0,1999,target_missing_not_trainable
1913,Michael Ruffin,1999,0.0151386633211678,1,0,,1,1999,trainable_target_observed
1914,Chris Herren,1999,,0,0,,0,1999,target_missing_not_trainable
1915,Evan Eschmeyer,1999,0.0688244981751824,1,0,,1,1999,trainable_target_observed
1916,Calvin Booth,1999,0.124242700729927,1,0,,1,1999,trainable_target_observed
1917,Wang Zhi-zhi,1999,0.059784283759124,1,0,,1,1999,trainable_target_observed
1918,Obinna Ekezie,1999,0.0157089187956204,1,0,,1,1999,trainable_target_observed
1919,Laron Profit,1999,,0,0,,0,1999,target_missing_not_trainable
1920,A.J. Bramlett,1999,,0,0,,0,1999,target_missing_not_trainable
1921,Gordan Giricek,1999,0.0351277372262773,1,0,,1,1999,trainable_target_observed
1924,Lee Nailon,1999,,0,0,,0,1999,target_missing_not_trainable
1926,Ryan Robertson,1999,,0,0,,0,1999,target_missing_not_trainable
1928,Todd MacCulloch,1999,0.1242153284671532,1,0,,1,1999,trainable_target_observed
1930,Lari Ketner,1999,,0,0,,0,1999,target_missing_not_trainable
1934,Rodney Buford,1999,0.0033231295620437,1,0,,1,1999,trainable_target_observed
1937,Tim Young,1999,,0,0,,0,1999,target_missing_not_trainable
1938,Manu Ginobili,1999,0.0332458941605839,1,0,,1,1999,trainable_target_observed
2030,Kenyon Martin,2000,0.2155127877820834,1,0,,1,2000,trainable_target_observed
2031,Stromile Swift,2000,0.1366105539092774,1,0,,1,2000,trainable_target_observed
2032,Darius Miles,2000,0.1538636881695919,1,0,,1,2000,trainable_target_observed
2033,Marcus Fizer,2000,0.0167759288807841,1,0,,1,2000,trainable_target_observed
2034,Mike Miller,2000,0.1367677228174151,1,0,,1,2000,trainable_target_observed
2035,DerMarr Johnson,2000,0.0169830408023706,1,0,,1,2000,trainable_target_observed
2036,Chris Mihm,2000,0.0768496238887622,1,0,,1,2000,trainable_target_observed
2037,Jamal Crawford,2000,0.1312970139047184,1,0,,1,2000,trainable_target_observed
2038,Joel Przybilla,2000,0.0341919307043537,1,0,,1,2000,trainable_target_observed
2039,Keyon Dooling,2000,0.0169830408023706,1,0,,1,2000,trainable_target_observed
2040,Jerome Moiso,2000,0.0401185320264417,1,0,,1,2000,trainable_target_observed
2041,Etan Thomas,2000,0.1117620241622977,1,0,,1,2000,trainable_target_observed
2042,Courtney Alexander,2000,0.0018014360610895,1,0,,1,2000,trainable_target_observed
2043,Mateen Cleaves,2000,0.0167759288807841,1,0,,1,2000,trainable_target_observed
2044,Jason Collier,2000,0.0341919307043537,1,0,,1,2000,trainable_target_observed
2045,Hedo Turkoglu,2000,0.1117620241622977,1,0,,1,2000,trainable_target_observed
2046,Desmond Mason,2000,0.148840437656713,1,0,,1,2000,trainable_target_observed
2047,Quentin Richardson,2000,0.1322087987235012,1,0,,1,2000,trainable_target_observed
2048,Jamaal Magloire,2000,0.1945140870754502,1,0,,1,2000,trainable_target_observed
2049,Speedy Claxton,2000,0.0752222475495783,1,0,,1,2000,trainable_target_observed
2050,Morris Peterson,2000,0.1002963300661044,1,0,,1,2000,trainable_target_observed
2051,Donnell Harvey,2000,,0,0,,0,2000,target_missing_not_trainable
2052,DeShawn Stevenson,2000,0.0569865511739229,1,0,,1,2000,trainable_target_observed
2053,Dalibor Bagaric,2000,,0,0,,0,2000,target_missing_not_trainable
2054,Jake Tsakalidis,2000,,0,0,,0,2000,target_missing_not_trainable
2055,Mamadou N'diaye,2000,0.0170959653521768,1,0,,1,2000,trainable_target_observed
2056,Primoz Brezec,2000,0.0354302712559835,1,0,,1,2000,trainable_target_observed
2057,Erick Barkley,2000,,0,0,,0,2000,target_missing_not_trainable
2058,Mark Madsen,2000,0.0169830408023706,1,0,,1,2000,trainable_target_observed
2059,Eduardo Najera,2000,0.086836653749715,1,0,,1,2000,trainable_target_observed
2060,Marko Jaric,2000,0.0478687029860952,1,0,,1,2000,trainable_target_observed
2061,Dan Langhi,2000,,0,0,,0,2000,target_missing_not_trainable
2062,A.J. Guyton,2000,,0,0,,0,2000,target_missing_not_trainable
2063,Jake Voskuhl,2000,0.0384659220423979,1,0,,1,2000,trainable_target_observed
2064,Khalid El-Amin,2000,,0,0,,0,2000,target_missing_not_trainable
2065,Mike Smith,2000,,0,0,,0,2000,target_missing_not_trainable
2066,Soumaila Samake,2000,,0,0,,0,2000,target_missing_not_trainable
2067,Eddie House,2000,0.0316463870526555,1,0,,1,2000,trainable_target_observed
2068,Lavor Postell,2000,,0,0,,0,2000,target_missing_not_trainable
2069,Hanno Mottola,2000,,0,0,,0,2000,target_missing_not_trainable
2071,Olumide Oyedeji,2000,,0,0,,0,2000,target_missing_not_trainable
2072,Michael Redd,2000,0.0683838614087075,1,0,,1,2000,trainable_target_observed
2073,Brian Cardinal,2000,0.1117620241622977,1,0,,1,2000,trainable_target_observed
2074,Jabari Smith,2000,0.0164131752906314,1,0,,1,2000,trainable_target_observed
2078,Jason Hart,2000,0.0319124686573968,1,0,,1,2000,trainable_target_observed
2079,Kaniel Dickens,2000,0.0110311830408023,1,0,,1,2000,trainable_target_observed
2080,Igor Rakocevic,2000,,0,0,,0,2000,target_missing_not_trainable
2081,Ernest Brown,2000,,0,0,,0,2000,target_missing_not_trainable
2082,Dan McClintock,2000,,0,0,,0,2000,target_missing_not_trainable
2084,Chris Porter,2000,,0,0,,0,2000,target_missing_not_trainable
2198,Kwame Brown,2001,0.1515151515151515,1,0,,1,2001,trainable_target_observed
2199,Tyson Chandler,2001,0.1818181818181818,1,0,,1,2001,trainable_target_observed
2200,Pau Gasol,2001,0.222080808080808,1,0,,1,2001,trainable_target_observed
2201,Eddy Curry,2001,0.1492929292929292,1,0,,1,2001,trainable_target_observed
2202,Jason Richardson,2001,0.1795734949494949,1,0,,1,2001,trainable_target_observed
2203,Shane Battier,2001,0.099050505050505,1,0,,1,2001,trainable_target_observed
2204,Eddie Griffin,2001,0.0505050505050505,1,0,,1,2001,trainable_target_observed
2205,DeSagana Diop,2001,0.0373737373737373,1,0,,1,2001,trainable_target_observed
2206,Rodney White,2001,,0,0,,0,2001,target_missing_not_trainable
2207,Joe Johnson,2001,0.2424242424242424,1,0,,1,2001,trainable_target_observed
2208,Kedrick Brown,2001,,0,0,,0,2001,target_missing_not_trainable
2209,Vladimir Radmanovic,2001,0.0639627272727272,1,0,,1,2001,trainable_target_observed
2210,Richard Jefferson,2001,0.206060606060606,1,0,,1,2001,trainable_target_observed
2211,Troy Murphy,2001,0.1487894747474747,1,0,,1,2001,trainable_target_observed
2212,Steven Hunter,2001,0.0565656565656565,1,0,,1,2001,trainable_target_observed
2213,Kirk Haston,2001,,0,0,,0,2001,target_missing_not_trainable
2214,Michael Bradley,2001,0.0165565656565656,1,0,,1,2001,trainable_target_observed
2215,Jason Collins,2001,0.1111111111111111,1,0,,1,2001,trainable_target_observed
2216,Zach Randolph,2001,0.2154882222222222,1,0,,1,2001,trainable_target_observed
2217,Brendan Haywood,2001,0.0808080808080808,1,0,,1,2001,trainable_target_observed
2218,Joseph Forte,2001,,0,0,,0,2001,target_missing_not_trainable
2219,Jeryl Sasser,2001,,0,0,,0,2001,target_missing_not_trainable
2220,Brandon Armstrong,2001,,0,0,,0,2001,target_missing_not_trainable
2221,Raul Lopez,2001,0.0352386464646464,1,0,,1,2001,trainable_target_observed
2222,Gerald Wallace,2001,0.101010101010101,1,0,,1,2001,trainable_target_observed
2223,Samuel Dalembert,2001,0.1711111111111111,1,0,,1,2001,trainable_target_observed
2224,Jamaal Tinsley,2001,0.109090909090909,1,0,,1,2001,trainable_target_observed
2225,Tony Parker,2001,0.1696969696969697,1,0,,1,2001,trainable_target_observed
2226,Will Solomon,2001,,0,0,,0,2001,target_missing_not_trainable
2228,Alton Ford,2001,,0,0,,0,2001,target_missing_not_trainable
2238,Antonis Fotsis,2001,,0,0,,0,2001,target_missing_not_trainable
2239,Trenton Hassell,2001,0.0878787878787878,1,0,,1,2001,trainable_target_observed
2240,Gilbert Arenas,2001,0.2069333333333333,1,0,,1,2001,trainable_target_observed
2241,Omar Cook,2001,,0,0,,0,2001,target_missing_not_trainable
2242,Terence Morris,2001,0.0168850505050505,1,0,,1,2001,trainable_target_observed
2243,Brian Scalabrine,2001,0.052246606060606,1,0,,1,2001,trainable_target_observed
2244,Jeff Trepagnier,2001,,0,0,,0,2001,target_missing_not_trainable
2245,Damone Brown,2001,,0,0,,0,2001,target_missing_not_trainable
2246,Mehmet Okur,2001,0.1666666666666666,1,0,,1,2001,trainable_target_observed
2248,Earl Watson,2001,0.101010101010101,1,0,,1,2001,trainable_target_observed
2249,Jamison Brewer,2001,,0,0,,0,2001,target_missing_not_trainable
2250,Bobby Simmons,2001,0.1616161616161616,1,0,,1,2001,trainable_target_observed
2253,Sean Lampley,2001,,0,0,,0,2001,target_missing_not_trainable
2254,Loren Woods,2001,0.0157575757575757,1,0,,1,2001,trainable_target_observed
2256,Ken Johnson,2001,,0,0,,0,2001,target_missing_not_trainable
2257,Ruben Boumtje-Boumtje,2001,,0,0,,0,2001,target_missing_not_trainable
2260,Jarron Collins,2001,0.0343434343434343,1,0,,1,2001,trainable_target_observed
2261,Kenny Satterfield,2001,,0,0,,0,2001,target_missing_not_trainable
2264,Alvin Jones,2001,,0,0,,0,2001,target_missing_not_trainable
2397,Yao Ming,2002,0.2344029359179448,1,0,,1,2002,trainable_target_observed
2398,Jay Williams,2002,,0,0,,0,2002,target_missing_not_trainable
2399,Mike Dunleavy,2002,0.1399833631316458,1,0,,1,2002,trainable_target_observed
2400,Drew Gooden,2002,0.1250663780935353,1,0,,1,2002,trainable_target_observed
2401,Nikoloz Tskitishvili,2002,,0,0,,0,2002,target_missing_not_trainable
2402,Dajuan Wagner,2002,0.0145164392584925,1,0,,1,2002,trainable_target_observed
2403,Nene,2002,0.1505598946080737,1,0,,1,2002,trainable_target_observed
2404,Chris Wilcox,2002,0.1176249176625576,1,0,,1,2002,trainable_target_observed
2405,Amar'e Stoudemire,2002,0.2344029359179448,1,0,,1,2002,trainable_target_observed
2406,Caron Butler,2002,0.1399830620118566,1,0,,1,2002,trainable_target_observed
2407,Jared Jeffries,2002,0.0981462312976381,1,0,,1,2002,trainable_target_observed
2408,Melvin Ely,2002,0.062177717135598,1,0,,1,2002,trainable_target_observed
2409,Marcus Haislip,2002,,0,0,,0,2002,target_missing_not_trainable
2410,Fred Jones,2002,0.0583419591606285,1,0,,1,2002,trainable_target_observed
2411,Bostjan Nachbar,2002,0.047049967065023,1,0,,1,2002,trainable_target_observed
2412,Jiri Welsch,2002,,0,0,,0,2002,target_missing_not_trainable
2413,Juan Dixon,2002,0.0479909664063235,1,0,,1,2002,trainable_target_observed
2414,Curtis Borchardt,2002,,0,0,,0,2002,target_missing_not_trainable
2415,Ryan Humphrey,2002,,0,0,,0,2002,target_missing_not_trainable
2416,Kareem Rush,2002,0.000366349863555,1,0,,1,2002,trainable_target_observed
2417,Qyntel Woods,2002,,0,0,,0,2002,target_missing_not_trainable
2418,Casey Jacobsen,2002,0.0005881245883127,1,0,,1,2002,trainable_target_observed
2419,Tayshaun Prince,2002,0.1477602333678366,1,0,,1,2002,trainable_target_observed
2420,Nenad Krstic,2002,0.0203346193657664,1,0,,1,2002,trainable_target_observed
2421,Frank Williams,2002,,0,0,,0,2002,target_missing_not_trainable
2422,John Salmons,2002,0.0828079420344405,1,0,,1,2002,trainable_target_observed
2423,Chris Jefferies,2002,,0,0,,0,2002,target_missing_not_trainable
2424,Dan Dickau,2002,0.0518155264891314,1,0,,1,2002,trainable_target_observed
2425,Robert Archibald,2002,,0,0,,0,2002,target_missing_not_trainable
2427,Roger Mason Jr.,2002,0.0140124400112919,1,0,,1,2002,trainable_target_observed
2428,Vincent Yarbrough,2002,,0,0,,0,2002,target_missing_not_trainable
2429,Dan Gadzuric,2002,0.0988437941093441,1,0,,1,2002,trainable_target_observed
2430,Carlos Boozer,2002,0.2119221417145008,1,0,,1,2002,trainable_target_observed
2432,Tito Maddox,2002,,0,0,,0,2002,target_missing_not_trainable
2435,Mario Kasun,2002,0.0173059377058436,1,0,,1,2002,trainable_target_observed
2436,Flip Murray,2002,,0,0,,0,2002,target_missing_not_trainable
2437,Lonny Baxter,2002,,0,0,,0,2002,target_missing_not_trainable
2440,Matt Barnes,2002,0.0145164392584925,1,0,,1,2002,trainable_target_observed
2441,Jamal Sampson,2002,0.0145164392584925,1,0,,1,2002,trainable_target_observed
2442,Chris Owens,2002,,0,0,,0,2002,target_missing_not_trainable
2443,Darius Songaila,2002,0.0686929519149336,1,0,,1,2002,trainable_target_observed
2446,Rasual Butler,2002,0.0564599604780276,1,0,,1,2002,trainable_target_observed
2447,Tamar Slay,2002,,0,0,,0,2002,target_missing_not_trainable
2450,Randy Holcomb,2002,,0,0,,0,2002,target_missing_not_trainable
2451,Corsley Edwards,2002,,0,0,,0,2002,target_missing_not_trainable
2544,LeBron James,2003,0.2344283659895739,1,0,,1,2003,trainable_target_observed
2545,Darko Milicic,2003,0.1168434298040625,1,0,,1,2003,trainable_target_observed
2546,Carmelo Anthony,2003,0.2344283659895739,1,0,,1,2003,trainable_target_observed
2547,Chris Bosh,2003,0.2238899874168614,1,0,,1,2003,trainable_target_observed
2548,Dwyane Wade,2003,0.2344283659895739,1,0,,1,2003,trainable_target_observed
2549,Chris Kaman,2003,0.1545928455869135,1,0,,1,2003,trainable_target_observed
2550,Kirk Hinrich,2003,0.2022290131224159,1,0,,1,2003,trainable_target_observed
2551,T.J. Ford,2003,0.1438072982203846,1,0,,1,2003,trainable_target_observed
2552,Michael Sweetney,2003,,0,0,,0,2003,target_missing_not_trainable
2553,Jarvis Hayes,2003,0.0215710947330577,1,0,,1,2003,trainable_target_observed
2554,Mickael Pietrus,2003,0.0623902570555455,1,0,,1,2003,trainable_target_observed
2555,Nick Collison,2003,0.1033614955959014,1,0,,1,2003,trainable_target_observed
2556,Marcus Banks,2003,0.0712961891065971,1,0,,1,2003,trainable_target_observed
2557,Luke Ridnour,2003,0.1168434298040625,1,0,,1,2003,trainable_target_observed
2558,Reece Gaines,2003,,0,0,,0,2003,target_missing_not_trainable
2559,Troy Bell,2003,,0,0,,0,2003,target_missing_not_trainable
2560,Zarko Cabarkapa,2003,,0,0,,0,2003,target_missing_not_trainable
2561,David West,2003,0.1914434657558871,1,0,,1,2003,trainable_target_observed
2562,Sasha Pavlovic,2003,,0,0,,0,2003,target_missing_not_trainable
2563,Dahntay Jones,2003,0.0135496494697105,1,0,,1,2003,trainable_target_observed
2564,Boris Diaw,2003,0.1617832104979327,1,0,,1,2003,trainable_target_observed
2565,Zoran Planinic,2003,,0,0,,0,2003,target_missing_not_trainable
2566,Travis Outlaw,2003,0.0719036491101923,1,0,,1,2003,trainable_target_observed
2567,Brian Cook,2003,0.0629156929714183,1,0,,1,2003,trainable_target_observed
2568,Carlos Delfino,2003,0.0335815387380909,1,0,,1,2003,trainable_target_observed
2569,Ndudi Ebi,2003,,0,0,,0,2003,target_missing_not_trainable
2570,Kendrick Perkins,2003,0.0805484810354125,1,0,,1,2003,trainable_target_observed
2571,Leandro Barbosa,2003,0.1006651087542692,1,0,,1,2003,trainable_target_observed
2572,Josh Howard,2003,0.1617832104979327,1,0,,1,2003,trainable_target_observed
2573,Maciej Lampe,2003,,0,0,,0,2003,target_missing_not_trainable
2574,Jason Kapono,2003,0.0962789861585475,1,0,,1,2003,trainable_target_observed
2575,Luke Walton,2003,0.0719036491101923,1,0,,1,2003,trainable_target_observed
2580,Travis Hansen,2003,,0,0,,0,2003,target_missing_not_trainable
2581,Steve Blake,2003,0.0763976271795793,1,0,,1,2003,trainable_target_observed
2582,Slavko Vranes,2003,,0,0,,0,2003,target_missing_not_trainable
2583,Derrick Zimmerman,2003,,0,0,,0,2003,target_missing_not_trainable
2584,Willie Green,2003,0.0556174725867337,1,0,,1,2003,trainable_target_observed
2585,Zaza Pachulia,2003,0.0719036491101923,1,0,,1,2003,trainable_target_observed
2586,Keith Bogans,2003,0.0438612259572173,1,0,,1,2003,trainable_target_observed
2588,Matt Bonner,2003,0.0481394930792737,1,0,,1,2003,trainable_target_observed
2590,Mo Williams,2003,,0,0,,0,2003,target_missing_not_trainable
2591,James Lang,2003,,0,0,,0,2003,target_missing_not_trainable
2592,James Jones,2003,0.0521301456048894,1,0,,1,2003,trainable_target_observed
2594,Kyle Korver,2003,0.0790940140212115,1,0,,1,2003,trainable_target_observed
2601,Andreas Glyniadakis,2003,,0,0,,0,2003,target_missing_not_trainable
2602,Jerome Beasley,2003,,0,0,,0,2003,target_missing_not_trainable
2730,Dwight Howard,2004,0.2344580777096114,1,0,,1,2004,trainable_target_observed
2731,Emeka Okafor,2004,0.1625340831629175,1,0,,1,2004,trainable_target_observed
2732,Ben Gordon,2004,0.1091470688479891,1,0,,1,2004,trainable_target_observed
2733,Shaun Livingston,2004,0.0063053851397409,1,0,,1,2004,trainable_target_observed
2734,Devin Harris,2004,0.1329243353783231,1,0,,1,2004,trainable_target_observed
2735,Josh Childress,2004,,0,0,,0,2004,target_missing_not_trainable
2736,Luol Deng,2004,0.1599352419904567,1,0,,1,2004,trainable_target_observed
2737,Rafael Araujo,2004,,0,0,,0,2004,target_missing_not_trainable
2738,Andre Iguodala,2004,0.1925698704839809,1,0,,1,2004,trainable_target_observed
2739,Luke Jackson,2004,,0,0,,0,2004,target_missing_not_trainable
2740,Andris Biedrins,2004,0.1533742331288343,1,0,,1,2004,trainable_target_observed
2741,Robert Swift,2004,0.0609940524880708,1,0,,1,2004,trainable_target_observed
2742,Sebastian Telfair,2004,0.0391956373551465,1,0,,1,2004,trainable_target_observed
2743,Kris Humphries,2004,0.0545330606680299,1,0,,1,2004,trainable_target_observed
2744,Al Jefferson,2004,0.1874573960463531,1,0,,1,2004,trainable_target_observed
2745,Kirk Snyder,2004,,0,0,,0,2004,target_missing_not_trainable
2746,Josh Smith,2004,0.1704158145875937,1,0,,1,2004,trainable_target_observed
2747,JR Smith,2004,0.0849523006134969,1,0,,1,2004,trainable_target_observed
2748,Dorell Wright,2004,0.0445268404907975,1,0,,1,2004,trainable_target_observed
2749,Jameer Nelson,2004,0.1312201772324471,1,0,,1,2004,trainable_target_observed
2750,Pavel Podkolzin,2004,,0,0,,0,2004,target_missing_not_trainable
2751,Viktor Khryapa,2004,,0,0,,0,2004,target_missing_not_trainable
2752,Sergei Monia,2004,,0,0,,0,2004,target_missing_not_trainable
2753,Delonte West,2004,0.0656100886162235,1,0,,1,2004,trainable_target_observed
2754,Tony Allen,2004,0.0426039536468984,1,0,,1,2004,trainable_target_observed
2755,Kevin Martin,2004,0.1492899625085207,1,0,,1,2004,trainable_target_observed
2756,Sasha Vujacic,2004,0.0771112304021813,1,0,,1,2004,trainable_target_observed
2757,Beno Udrih,2004,0.095177232447171,1,0,,1,2004,trainable_target_observed
2758,David Harrison,2004,,0,0,,0,2004,target_missing_not_trainable
2760,Anderson Varejao,2004,0.0985766871165644,1,0,,1,2004,trainable_target_observed
2761,Jackson Vroman,2004,,0,0,,0,2004,target_missing_not_trainable
2762,Peter John Ramos,2004,,0,0,,0,2004,target_missing_not_trainable
2763,Lionel Chalmers,2004,,0,0,,0,2004,target_missing_not_trainable
2764,Donta Smith,2004,,0,0,,0,2004,target_missing_not_trainable
2765,Andre Emmett,2004,,0,0,,0,2004,target_missing_not_trainable
2766,Antonio Burks,2004,,0,0,,0,2004,target_missing_not_trainable
2767,Royal Ivey,2004,0.0145698193592365,1,0,,1,2004,trainable_target_observed
2768,Chris Duhon,2004,0.095177232447171,1,0,,1,2004,trainable_target_observed
2770,Justin Reed,2004,0.0268064076346284,1,0,,1,2004,trainable_target_observed
2772,Trevor Ariza,2004,0.052828902522154,1,0,,1,2004,trainable_target_observed
2774,Bernard Robinson,2004,,0,0,,0,2004,target_missing_not_trainable
2775,Ha Ha,2004,,0,0,,0,2004,target_missing_not_trainable
2776,Pape Sow,2004,,0,0,,0,2004,target_missing_not_trainable
2779,Vassilis Spanoulis,2004,,0,0,,0,2004,target_missing_not_trainable
2782,Matt Freije,2004,,0,0,,0,2004,target_missing_not_trainable
2784,Luis Flores,2004,,0,0,,0,2004,target_missing_not_trainable
101106,Andrew Bogut,2005,0.1733102253032929,1,0,,1,2005,trainable_target_observed
101107,Marvin Williams,2005,0.1299826689774696,1,0,,1,2005,trainable_target_observed
101108,Chris Paul,2005,0.2343240901213171,1,0,,1,2005,trainable_target_observed
101109,Raymond Felton,2005,0.0953413518197573,1,0,,1,2005,trainable_target_observed
101110,Martell Webster,2005,0.0752859618717504,1,0,,1,2005,trainable_target_observed
101111,Charlie Villanueva,2005,0.1126516464471403,1,0,,1,2005,trainable_target_observed
101112,Channing Frye,2005,0.0346620450606585,1,0,,1,2005,trainable_target_observed
101113,Ike Diogu,2005,0.0153358925476603,1,0,,1,2005,trainable_target_observed
101114,Deron Williams,2005,0.2135857885615251,1,0,,1,2005,trainable_target_observed
101115,Andrew Bynum,2005,0.2171056845753899,1,1,Reserved salary suggestion demo player; exclude from future salary-model training/calibration.,0,2005,demo_holdout_excluded_from_training
101117,Yaroslav Korolev,2005,,0,0,,0,2005,target_missing_not_trainable
101118,Sean May,2005,0.0153358925476603,1,0,,1,2005,trainable_target_observed
101119,Rashad McCants,2005,,0,0,,0,2005,target_missing_not_trainable
101120,Antoine Wright,2005,0.0365779896013864,1,0,,1,2005,trainable_target_observed
101121,Joey Graham,2005,0.0153358925476603,1,0,,1,2005,trainable_target_observed
101122,Danny Granger,2005,0.172105719237435,1,0,,1,2005,trainable_target_observed
101123,Gerald Green,2005,,0,0,,0,2005,target_missing_not_trainable
101124,Hakim Warrick,2005,0.0519930675909878,1,0,,1,2005,trainable_target_observed
101125,Julius Hodge,2005,,0,0,,0,2005,target_missing_not_trainable
101126,Nate Robinson,2005,0.0693240901213171,1,0,,1,2005,trainable_target_observed
101127,Jarrett Jack,2005,0.0779896013864818,1,0,,1,2005,trainable_target_observed
101128,Francisco Garcia,2005,0.1005199306759098,1,0,,1,2005,trainable_target_observed
101129,Luther Head,2005,0.0153358925476603,1,0,,1,2005,trainable_target_observed
101130,Johan Petro,2005,0.0153358925476603,1,0,,1,2005,trainable_target_observed
101131,Jason Maxiell,2005,0.0866551126516464,1,0,,1,2005,trainable_target_observed
101132,Linas Kleiza,2005,,0,0,,0,2005,target_missing_not_trainable
101133,Ian Mahinmi,2005,0.0187112651646447,1,0,,1,2005,trainable_target_observed
101134,Wayne Simien,2005,,0,0,,0,2005,target_missing_not_trainable
101135,David Lee,2005,0.121317157712305,1,0,,1,2005,trainable_target_observed
101136,Salim Stoudamire,2005,,0,0,,0,2005,target_missing_not_trainable
101137,Daniel Ewing,2005,,0,0,,0,2005,target_missing_not_trainable
101138,Brandon Bass,2005,0.0693240901213171,1,0,,1,2005,trainable_target_observed
101139,CJ Miles,2005,0.0641247833622183,1,0,,1,2005,trainable_target_observed
101141,Ersan Ilyasova,2005,0.0363951473136915,1,0,,1,2005,trainable_target_observed
101142,Ronny Turiaf,2005,0.0717504332755632,1,0,,1,2005,trainable_target_observed
101143,Travis Diener,2005,0.0301559792027729,1,0,,1,2005,trainable_target_observed
101144,Von Wafer,2005,,0,0,,0,2005,target_missing_not_trainable
101145,Monta Ellis,2005,0.1906412478336221,1,0,,1,2005,trainable_target_observed
101146,Roko Ukic,2005,0.0052553206239168,1,0,,1,2005,trainable_target_observed
101147,Chris Taft,2005,,0,0,,0,2005,target_missing_not_trainable
101148,Mile Ilic,2005,,0,0,,0,2005,target_missing_not_trainable
101149,Martynas Andriuskevicius,2005,,0,0,,0,2005,target_missing_not_trainable
101150,Lou Williams,2005,0.0861785095320624,1,0,,1,2005,trainable_target_observed
101152,Bracey Wright,2005,,0,0,,0,2005,target_missing_not_trainable
101154,Andray Blatche,2005,0.0519930675909878,1,0,,1,2005,trainable_target_observed
101155,Ryan Gomes,2005,0.0670277296360485,1,0,,1,2005,trainable_target_observed
101156,Robert Whaley,2005,,0,0,,0,2005,target_missing_not_trainable
101158,Orien Greene,2005,,0,0,,0,2005,target_missing_not_trainable
101159,Dijon Thompson,2005,,0,0,,0,2005,target_missing_not_trainable
101160,Lawrence Roberts,2005,,0,0,,0,2005,target_missing_not_trainable
101161,Amir Johnson,2005,0.0635470710571923,1,0,,1,2005,trainable_target_observed
101162,Marcin Gortat,2005,0.1014558058925476,1,0,,1,2005,trainable_target_observed
101165,Alex Acker,2005,,0,0,,0,2005,target_missing_not_trainable
101166,Uros Slokar,2005,,0,0,,0,2005,target_missing_not_trainable
200745,Andrea Bargnani,2006,0.1464406312452622,1,0,,1,2006,trainable_target_observed
200746,LaMarcus Aldridge,2006,0.1937151126731445,1,0,,1,2006,trainable_target_observed
200747,Adam Morrison,2006,,0,0,,0,2006,target_missing_not_trainable
200748,Tyrus Thomas,2006,0.1139061746261456,1,0,,1,2006,trainable_target_observed
200749,Shelden Williams,2006,0.0157785817655571,1,0,,1,2006,trainable_target_observed
200750,Brandon Roy,2006,0.2329353593825374,1,0,,1,2006,trainable_target_observed
200751,Randy Foye,2006,0.0732203156226311,1,0,,1,2006,trainable_target_observed
200752,Rudy Gay,2006,0.234369616153263,1,0,,1,2006,trainable_target_observed
200753,Patrick O'Bryant,2006,,0,0,,0,2006,target_missing_not_trainable
200754,Mouhamed Sene,2006,,0,0,,0,2006,target_missing_not_trainable
200755,JJ Redick,2006,0.1249052442974295,1,0,,1,2006,trainable_target_observed
200756,Hilton Armstrong,2006,0.0171021983322996,1,0,,1,2006,trainable_target_observed
200757,Thabo Sefolosha,2006,0.0559920060643649,1,0,,1,2006,trainable_target_observed
200758,Ronnie Brewer,2006,0.0825236027840948,1,0,,1,2006,trainable_target_observed
200759,Cedric Simmons,2006,,0,0,,0,2006,target_missing_not_trainable
200760,Rodney Carney,2006,0.011230652608366,1,0,,1,2006,trainable_target_observed
200761,Shawne Williams,2006,0.0152506719040727,1,0,,1,2006,trainable_target_observed
200762,Oleksiy Pecherov,2006,,0,0,,0,2006,target_missing_not_trainable
200763,Quincy Douby,2006,,0,0,,0,2006,target_missing_not_trainable
200764,Renaldo Balkman,2006,0.0288574185100957,1,0,,1,2006,trainable_target_observed
200765,Rajon Rondo,2006,0.1566210288746468,1,0,,1,2006,trainable_target_observed
200767,Josh Boone,2006,,0,0,,0,2006,target_missing_not_trainable
200768,Kyle Lowry,2006,0.0990627799600303,1,0,,1,2006,trainable_target_observed
200769,Shannon Brown,2006,0.0379022810281855,1,0,,1,2006,trainable_target_observed
200770,Jordan Farmar,2006,0.064606160843498,1,0,,1,2006,trainable_target_observed
200771,Sergio Rodriguez,2006,,0,0,,0,2006,target_missing_not_trainable
200772,Maurice Ager,2006,0.0014352043277513,1,0,,1,2006,trainable_target_observed
200776,Mardy Collins,2006,,0,0,,0,2006,target_missing_not_trainable
200778,James White,2006,,0,0,,0,2006,target_missing_not_trainable
200779,Steve Novak,2006,0.0126618599682999,1,0,,1,2006,trainable_target_observed
200780,Solomon Jones,2006,0.0258424643373992,1,0,,1,2006,trainable_target_observed
200781,Paul Davis,2006,,0,0,,0,2006,target_missing_not_trainable
200782,P.J. Tucker,2006,,0,0,,0,2006,target_missing_not_trainable
200783,Craig Smith,2006,0.0396251119840121,1,0,,1,2006,trainable_target_observed
200784,Bobby Jones,2006,,0,0,,0,2006,target_missing_not_trainable
200785,Kosta Perovic,2006,,0,0,,0,2006,target_missing_not_trainable
200786,David Noel,2006,,0,0,,0,2006,target_missing_not_trainable
200788,James Augustine,2006,,0,0,,0,2006,target_missing_not_trainable
200789,Daniel Gibson,2006,0.069177417131831,1,0,,1,2006,trainable_target_observed
200790,Marcus Vinicius,2006,,0,0,,0,2006,target_missing_not_trainable
200792,Alexander Johnson,2006,,0,0,,0,2006,target_missing_not_trainable
200793,Dee Brown,2006,,0,0,,0,2006,target_missing_not_trainable
200794,Paul Millsap,2006,0.1309351526428226,1,0,,1,2006,trainable_target_observed
200796,Leon Powe,2006,0.0157785817655571,1,0,,1,2006,trainable_target_observed
200797,Ryan Hollins,2006,0.0401993832265178,1,0,,1,2006,trainable_target_observed
200798,Cheikh Samb,2006,,0,0,,0,2006,target_missing_not_trainable
200799,Guillermo Diaz,2006,,0,0,,0,2006,target_missing_not_trainable
200801,Hassan Adams,2006,,0,0,,0,2006,target_missing_not_trainable
200806,Damir Markota,2006,,0,0,,0,2006,target_missing_not_trainable
200807,Will Blalock,2006,,0,0,,0,2006,target_missing_not_trainable
201141,Greg Oden,2007,0.0258424643373992,1,0,,1,2007,trainable_target_observed
201142,Kevin Durant,2007,0.2671530563021156,1,0,,1,2007,trainable_target_observed
201143,Al Horford,2007,0.2067397146991937,1,0,,1,2007,trainable_target_observed
201144,Mike Conley,2007,0.1139061918544552,1,0,,1,2007,trainable_target_observed
201145,Jeff Green,2007,,0,0,,0,2007,target_missing_not_trainable
201146,Yi Jianlian,2007,0.014251205981669,1,0,,1,2007,trainable_target_observed
201147,Corey Brewer,2007,0.0527013989387361,1,0,,1,2007,trainable_target_observed
201148,Brandan Wright,2007,0.0157785817655571,1,0,,1,2007,trainable_target_observed
201149,Joakim Noah,2007,0.2067397146991937,1,0,,1,2007,trainable_target_observed
201150,Spencer Hawes,2007,0.0697922954999655,1,0,,1,2007,trainable_target_observed
201151,Acie Law,2007,,0,0,,0,2007,target_missing_not_trainable
201152,Thaddeus Young,2007,0.1288377954655089,1,0,,1,2007,trainable_target_observed
201153,Julian Wright,2007,,0,0,,0,2007,target_missing_not_trainable
201154,Al Thornton,2007,,0,0,,0,2007,target_missing_not_trainable
201155,Rodney Stuckey,2007,0.1464406312452622,1,0,,1,2007,trainable_target_observed
201156,Nick Young,2007,0.0636733684790848,1,0,,1,2007,trainable_target_observed
201157,Sean Williams,2007,0.0152491213562125,1,0,,1,2007,trainable_target_observed
201158,Marco Belinelli,2007,0.0581904072772379,1,0,,1,2007,trainable_target_observed
201159,Javaris Crittenton,2007,,0,0,,0,2007,target_missing_not_trainable
201160,Jason Smith,2007,0.0430707738956653,1,0,,1,2007,trainable_target_observed
201161,Daequan Cook,2007,0.0575693956309006,1,0,,1,2007,trainable_target_observed
201162,Jared Dudley,2007,0.0732203156226311,1,0,,1,2007,trainable_target_observed
201163,Wilson Chandler,2007,,0,0,,0,2007,target_missing_not_trainable
201164,Rudy Fernandez,2007,0.0375653469781545,1,0,,1,2007,trainable_target_observed
201165,Morris Almond,2007,,0,0,,0,2007,target_missing_not_trainable
201166,Aaron Brooks,2007,,0,0,,0,2007,target_missing_not_trainable
201167,Arron Afflalo,2007,0.1302890910343877,1,0,,1,2007,trainable_target_observed
201168,Tiago Splitter,2007,0.0632623526979532,1,0,,1,2007,trainable_target_observed
201169,Alando Tucker,2007,,0,0,,0,2007,target_missing_not_trainable
201171,Carl Landry,2007,0.1464406312452622,1,0,,1,2007,trainable_target_observed
201172,Gabe Pruitt,2007,,0,0,,0,2007,target_missing_not_trainable
201173,Marcus Williams,2007,,0,0,,0,2007,target_missing_not_trainable
201174,Nick Fazekas,2007,,0,0,,0,2007,target_missing_not_trainable
201175,Glen Davis,2007,0.1085383502170767,1,0,,1,2007,trainable_target_observed
201176,Jermareo Davidson,2007,,0,0,,0,2007,target_missing_not_trainable
201177,Josh McRoberts,2007,0.0516849286747984,1,0,,1,2007,trainable_target_observed
201178,Kyrylo Fesenko,2007,,0,0,,0,2007,target_missing_not_trainable
201180,Sun Sun,2007,,0,0,,0,2007,target_missing_not_trainable
201181,Chris Richard,2007,,0,0,,0,2007,target_missing_not_trainable
201186,Stephane Lasme,2007,,0,0,,0,2007,target_missing_not_trainable
201187,Dominic McGuire,2007,0.0157785817655571,1,0,,1,2007,trainable_target_observed
201188,Marc Gasol,2007,0.2226275584039694,1,0,,1,2007,trainable_target_observed
201189,Aaron Gray,2007,0.0430707738956653,1,0,,1,2007,trainable_target_observed
201191,JamesOn Curry,2007,,0,0,,0,2007,target_missing_not_trainable
201192,Taurean Green,2007,,0,0,,0,2007,target_missing_not_trainable
201193,Demetris Nichols,2007,,0,0,,0,2007,target_missing_not_trainable
201196,Ramon Sessions,2007,0.0733576769347391,1,0,,1,2007,trainable_target_observed
201199,DJ Strawberry,2007,,0,0,,0,2007,target_missing_not_trainable
201446,Mike Taylor,2008,,0,0,,0,2008,target_missing_not_trainable
201563,Michael Beasley,2008,0.0990627799600303,1,0,,1,2008,trainable_target_observed
201564,O.J. Mayo,2008,0.0692578044242299,1,0,,1,2008,trainable_target_observed
201565,Derrick Rose,2008,0.2825873475294604,1,0,,1,2008,trainable_target_observed
201566,Russell Westbrook,2008,0.2354894562745503,1,0,,1,2008,trainable_target_observed
201567,Kevin Love,2008,0.2354894562745503,1,0,,1,2008,trainable_target_observed
201568,Danilo Gallinari,2008,0.1626180139204741,1,0,,1,2008,trainable_target_observed
201569,Eric Gordon,2008,0.2354894562745503,1,0,,1,2008,trainable_target_observed
201570,Joe Alexander,2008,,0,0,,0,2008,target_missing_not_trainable
201571,D.J. Augustin,2008,0.0602990834539315,1,0,,1,2008,trainable_target_observed
201572,Brook Lopez,2008,0.2354765350423816,1,0,,1,2008,trainable_target_observed
201573,Jerryd Bayless,2008,0.053407759630625,1,0,,1,2008,trainable_target_observed
201574,Jason Thompson,2008,0.0904486251808972,1,0,,1,2008,trainable_target_observed
201575,Brandon Rush,2008,0.0689132382330645,1,0,,1,2008,trainable_target_observed
201576,Anthony Randolph,2008,0.0288512335469643,1,0,,1,2008,trainable_target_observed
201577,Robin Lopez,2008,0.0844065364206464,1,0,,1,2008,trainable_target_observed
201578,Marreese Speights,2008,0.0723589001447178,1,0,,1,2008,trainable_target_observed
201579,Roy Hibbert,2008,0.2354894562745503,1,0,,1,2008,trainable_target_observed
201580,JaVale McGee,2008,0.1722830955826614,1,0,,1,2008,trainable_target_observed
201581,JJ Hickson,2008,0.0689132382330645,1,0,,1,2008,trainable_target_observed
201582,Alexis Ajinca,2008,,0,0,,0,2008,target_missing_not_trainable
201583,Ryan Anderson,2008,0.1498862931569154,1,0,,1,2008,trainable_target_observed
201584,Courtney Lee,2008,0.0861415477913307,1,0,,1,2008,trainable_target_observed
201585,Kosta Koufos,2008,0.0516849286747984,1,0,,1,2008,trainable_target_observed
201586,Serge Ibaka,2008,0.0388164323616566,1,0,,1,2008,trainable_target_observed
201587,Nicolas Batum,2008,0.2058782992212804,1,0,,1,2008,trainable_target_observed
201588,George Hill,2008,0.1378264764661291,1,0,,1,2008,trainable_target_observed
201589,Darrell Arthur,2008,0.0517920370753221,1,0,,1,2008,trainable_target_observed
201590,Donte Greene,2008,9.280890359037972e-05,1,0,,1,2008,trainable_target_observed
201591,DJ White,2008,0.004547929157191,1,0,,1,2008,trainable_target_observed
201592,J.R. Giddens,2008,,0,0,,0,2008,target_missing_not_trainable
201593,Nikola Pekovic,2008,0.0799393563503549,1,0,,1,2008,trainable_target_observed
201594,Walter Sharpe,2008,,0,0,,0,2008,target_missing_not_trainable
201595,Joey Dorsey,2008,,0,0,,0,2008,target_missing_not_trainable
201596,Mario Chalmers,2008,0.0689132382330645,1,0,,1,2008,trainable_target_observed
201599,DeAndre Jordan,2008,0.1814653883260974,1,0,,1,2008,trainable_target_observed
201600,Omer Asik,2008,0.0861415477913307,1,0,,1,2008,trainable_target_observed
201601,Luc Mbah a Moute,2008,0.082595823857763,1,0,,1,2008,trainable_target_observed
201602,Kyle Weaver,2008,,0,0,,0,2008,target_missing_not_trainable
201603,Sonny Weems,2008,,0,0,,0,2008,target_missing_not_trainable
201604,Chris Douglas-Roberts,2008,0.0012558059403211,1,0,,1,2008,trainable_target_observed
201605,Nathan Jawai,2008,,0,0,,0,2008,target_missing_not_trainable
201606,Sean Singletary,2008,,0,0,,0,2008,target_missing_not_trainable
201607,Patrick Ewing,2008,,0,0,,0,2008,target_missing_not_trainable
201609,Goran Dragic,2008,0.129212321686996,1,0,,1,2008,trainable_target_observed
201611,Henry Walker,2008,,0,0,,0,2008,target_missing_not_trainable
201612,Malik Hairston,2008,,0,0,,0,2008,target_missing_not_trainable
201616,Darnell Jackson,2008,,0,0,,0,2008,target_missing_not_trainable
201621,Joe Crawford,2008,,0,0,,0,2008,target_missing_not_trainable
201623,Semih Erden,2008,,0,0,,0,2008,target_missing_not_trainable
201933,Blake Griffin,2009,0.2795293034986963,1,0,,1,2009,trainable_target_observed
201934,Hasheem Thabeet,2009,0.0204502462550486,1,0,,1,2009,trainable_target_observed
201935,James Harden,2009,0.2329410862489135,1,0,,1,2009,trainable_target_observed
201936,Tyreke Evans,2009,0.2010301300294824,1,0,,1,2009,trainable_target_observed
201937,Ricky Rubio,2009,0.0682036162852127,1,0,,1,2009,trainable_target_observed
201938,Jonny Flynn,2009,,0,0,,0,2009,target_missing_not_trainable
201939,Stephen Curry,2009,0.1685039281514681,1,0,,1,2009,trainable_target_observed
201941,Jordan Hill,2009,0.0596465515772252,1,0,,1,2009,trainable_target_observed
201942,DeMar DeRozan,2009,0.1618977828524685,1,0,,1,2009,trainable_target_observed
201943,Brandon Jennings,2009,0.1304641012968864,1,0,,1,2009,trainable_target_observed
201944,Terrence Williams,2009,,0,0,,0,2009,target_missing_not_trainable
201945,Gerald Henderson,2009,0.1022512312752432,1,0,,1,2009,trainable_target_observed
201946,Tyler Hansbrough,2009,0.0542442781915165,1,0,,1,2009,trainable_target_observed
201947,Earl Clark,2009,0.074328430954856,1,0,,1,2009,trainable_target_observed
201948,Austin Daye,2009,0.0161541096474036,1,0,,1,2009,trainable_target_observed
201949,James Johnson,2009,0.0086471991683566,1,0,,1,2009,trainable_target_observed
201950,Jrue Holiday,2009,0.1874605906712793,1,0,,1,2009,trainable_target_observed
201951,Ty Lawson,2009,0.1838224407368905,1,0,,1,2009,trainable_target_observed
201952,Jeff Teague,2009,0.1363349750336576,1,0,,1,2009,trainable_target_observed
201953,Eric Maynor,2009,0.0343564137084817,1,0,,1,2009,trainable_target_observed
201954,Darren Collison,2009,0.0323795565704937,1,0,,1,2009,trainable_target_observed
201956,Omri Casspi,2009,0.0161541096474036,1,0,,1,2009,trainable_target_observed
201957,Byron Mullens,2009,,0,0,,0,2009,target_missing_not_trainable
201958,Rodrigue Beaubois,2009,,0,0,,0,2009,target_missing_not_trainable
201959,Taj Gibson,2009,0.1286661326880144,1,0,,1,2009,trainable_target_observed
201960,DeMarre Carroll,2009,0.042604679698018,1,0,,1,2009,trainable_target_observed
201961,Wayne Ellington,2009,0.042604679698018,1,0,,1,2009,trainable_target_observed
201962,Toney Douglas,2009,0.0272669950067315,1,0,,1,2009,trainable_target_observed
201963,Christian Eyenga,2009,,0,0,,0,2009,target_missing_not_trainable
201964,Victor Claver,2009,0.0223459840828916,1,0,,1,2009,trainable_target_observed
201965,Jeff Ayres,2009,0.0298232757886126,1,0,,1,2009,trainable_target_observed
201966,Jermaine Taylor,2009,,0,0,,0,2009,target_missing_not_trainable
201967,Dante Cunningham,2009,0.0371512806966717,1,0,,1,2009,trainable_target_observed
201969,DaJuan Summers,2009,,0,0,,0,2009,target_missing_not_trainable
201970,Sam Young,2009,,0,0,,0,2009,target_missing_not_trainable
201971,DeJuan Blair,2009,0.0160364014383339,1,0,,1,2009,trainable_target_observed
201972,Jon Brockman,2009,,0,0,,0,2009,target_missing_not_trainable
201973,Jonas Jerebko,2009,0.0766884234564324,1,0,,1,2009,trainable_target_observed
201974,Derrick Brown,2009,,0,0,,0,2009,target_missing_not_trainable
201975,Jodie Meeks,2009,0.0264149014127711,1,0,,1,2009,trainable_target_observed
201976,Patrick Beverley,2009,0.0134438555530939,1,0,,1,2009,trainable_target_observed
201977,Marcus Thornton,2009,0.1391468838937269,1,0,,1,2009,trainable_target_observed
201978,Chase Budinger,2009,0.085209359396036,1,0,,1,2009,trainable_target_observed
201980,Danny Green,2009,0.0641200429455171,1,0,,1,2009,trainable_target_observed
201981,Taylor Griffin,2009,,0,0,,0,2009,target_missing_not_trainable
201985,AJ Price,2009,0.0161541096474036,1,0,,1,2009,trainable_target_observed
201986,Nando De Colo,2009,0.0249322585592801,1,0,,1,2009,trainable_target_observed
201988,Patty Mills,2009,,0,0,,0,2009,target_missing_not_trainable
201991,Lester Hudson,2009,,0,0,,0,2009,target_missing_not_trainable
202322,John Wall,2010,0.2172560057083961,1,0,,1,2010,trainable_target_observed
202323,Evan Turner,2010,0.0519781178149528,1,0,,1,2010,trainable_target_observed
202324,Derrick Favors,2010,0.2053436930151431,1,0,,1,2010,trainable_target_observed
202325,Wesley Johnson,2010,0.0155567113295805,1,0,,1,2010,trainable_target_observed
202326,DeMarcus Cousins,2010,0.2172560057083961,1,0,,1,2010,trainable_target_observed
202327,Ekpe Udoh,2010,0.0155567113295805,1,0,,1,2010,trainable_target_observed
202328,Greg Monroe,2010,0.0868934115595021,1,0,,1,2010,trainable_target_observed
202329,Al-Farouq Aminu,2010,0.0155567113295805,1,0,,1,2010,trainable_target_observed
202330,Gordon Hayward,2010,0.2338222468881313,1,0,,1,2010,trainable_target_observed
202331,Paul George,2010,0.2505351621343059,1,0,,1,2010,trainable_target_observed
202332,Cole Aldrich,2010,0.0155567113295805,1,0,,1,2010,trainable_target_observed
202333,Xavier Henry,2010,0.0171569016094505,1,0,,1,2010,trainable_target_observed
202334,Ed Davis,2010,0.0155567113295805,1,0,,1,2010,trainable_target_observed
202335,Patrick Patterson,2010,0.0924653294220249,1,0,,1,2010,trainable_target_observed
202336,Larry Sanders,2010,0.174423214144137,1,0,,1,2010,trainable_target_observed
202337,Luke Babbitt,2010,0.0155567113295805,1,0,,1,2010,trainable_target_observed
202338,Kevin Seraphin,2010,0.061820201379529,1,0,,1,2010,trainable_target_observed
202339,Eric Bledsoe,2010,0.2061365258067073,1,0,,1,2010,trainable_target_observed
202340,Avery Bradley,2010,0.1140253865059858,1,0,,1,2010,trainable_target_observed
202341,James Anderson,2010,,0,0,,0,2010,target_missing_not_trainable
202342,Craig Brackins,2010,,0,0,,0,2010,target_missing_not_trainable
202343,Elliot Williams,2010,0.0025610243399667,1,0,,1,2010,trainable_target_observed
202344,Trevor Booker,2010,0.0792832791564259,1,0,,1,2010,trainable_target_observed
202345,Damion James,2010,,0,0,,0,2010,target_missing_not_trainable
202346,Dominique Jones,2010,,0,0,,0,2010,target_missing_not_trainable
202347,Quincy Pondexter,2010,0.0498861174978197,1,0,,1,2010,trainable_target_observed
202348,Jordan Crawford,2010,,0,0,,0,2010,target_missing_not_trainable
202349,Greivis Vasquez,2010,0.1014825973202251,1,0,,1,2010,trainable_target_observed
202350,Daniel Orton,2010,,0,0,,0,2010,target_missing_not_trainable
202351,Lazar Hayward,2010,,0,0,,0,2010,target_missing_not_trainable
202354,Dexter Pittman,2010,,0,0,,0,2010,target_missing_not_trainable
202355,Hassan Whiteside,2010,0.0122919368905097,1,0,,1,2010,trainable_target_observed
202356,Armon Johnson,2010,,0,0,,0,2010,target_missing_not_trainable
202359,Darington Hobson,2010,,0,0,,0,2010,target_missing_not_trainable
202360,Andy Rautins,2010,,0,0,,0,2010,target_missing_not_trainable
202361,Landry Fields,2010,0.134781574565924,1,0,,1,2010,trainable_target_observed
202362,Lance Stephenson,2010,0.1427099024815666,1,0,,1,2010,trainable_target_observed
202363,Jarvis Varnado,2010,0.0011892491873463,1,0,,1,2010,trainable_target_observed
202365,Devin Ebanks,2010,,0,0,,0,2010,target_missing_not_trainable
202366,Jerome Jordan,2010,0.0129466740664393,1,0,,1,2010,trainable_target_observed
202371,Gani Lawal,2010,,0,0,,0,2010,target_missing_not_trainable
202374,Solomon Alabi,2010,,0,0,,0,2010,target_missing_not_trainable
202376,Luke Harangody,2010,,0,0,,0,2010,target_missing_not_trainable
202377,Pape Sy,2010,,0,0,,0,2010,target_missing_not_trainable
202378,Willie Warren,2010,,0,0,,0,2010,target_missing_not_trainable
202379,Jeremy Evans,2010,0.0284626972171569,1,0,,1,2010,trainable_target_observed
202380,Hamady Ndiaye,2010,,0,0,,0,2010,target_missing_not_trainable
202382,Derrick Caracter,2010,,0,0,,0,2010,target_missing_not_trainable
202385,Ryan Reid,2010,,0,0,,0,2010,target_missing_not_trainable
202681,Kyrie Irving,2011,0.2343928571428571,1,0,,1,2011,trainable_target_observed
202682,Derrick Williams,2011,0.0628571428571428,1,0,,1,2011,trainable_target_observed
202683,Enes Freedom,2011,,0,0,,0,2011,target_missing_not_trainable
202684,Tristan Thompson,2011,0.2037142857142857,1,0,,1,2011,trainable_target_observed
202685,Jonas Valančiūnas,2011,0.0665783142857142,1,0,,1,2011,trainable_target_observed
202686,Jan Vesely,2011,,0,0,,0,2011,target_missing_not_trainable
202687,Bismack Biyombo,2011,0.0402,1,0,,1,2011,trainable_target_observed
202688,Brandon Knight,2011,0.1928571428571428,1,0,,1,2011,trainable_target_observed
202689,Kemba Walker,2011,0.1714285714285714,1,0,,1,2011,trainable_target_observed
202690,Jimmer Fredette,2011,0.0089309571428571,1,0,,1,2011,trainable_target_observed
202691,Klay Thompson,2011,0.2214428571428571,1,0,,1,2011,trainable_target_observed
202692,Alec Burks,2011,0.1316212,1,0,,1,2011,trainable_target_observed
202693,Markieff Morris,2011,0.1142857142857142,1,0,,1,2011,trainable_target_observed
202694,Marcus Morris Sr.,2011,0.0714285714285714,1,0,,1,2011,trainable_target_observed
202695,Kawhi Leonard,2011,0.2343928571428571,1,0,,1,2011,trainable_target_observed
202696,Nikola Vučević,2011,0.1607142857142857,1,1,Reserved salary suggestion demo player; exclude from future salary-model training/calibration.,0,2011,demo_holdout_excluded_from_training
202697,Iman Shumpert,2011,0.1284109285714285,1,0,,1,2011,trainable_target_observed
202698,Chris Singleton,2011,,0,0,,0,2011,target_missing_not_trainable
202699,Tobias Harris,2011,0.2285714285714285,1,0,,1,2011,trainable_target_observed
202700,Donatas Motiejunas,2011,,0,0,,0,2011,target_missing_not_trainable
202701,Nolan Smith,2011,,0,0,,0,2011,target_missing_not_trainable
202702,Kenneth Faried,2011,0.1605136428571428,1,0,,1,2011,trainable_target_observed
202703,Nikola Mirotic,2011,0.0791960714285714,1,0,,1,2011,trainable_target_observed
202704,Reggie Jackson,2011,0.1987577714285714,1,0,,1,2011,trainable_target_observed
202705,MarShon Brooks,2011,,0,0,,0,2011,target_missing_not_trainable
202706,Jordan Hamilton,2011,0.0017065857142857,1,0,,1,2011,trainable_target_observed
202707,JaJuan Johnson,2011,,0,0,,0,2011,target_missing_not_trainable
202708,Norris Cole,2011,0.0457682857142857,1,0,,1,2011,trainable_target_observed
202709,Cory Joseph,2011,0.1,1,0,,1,2011,trainable_target_observed
202710,Jimmy Butler III,2011,0.2343928571428571,1,0,,1,2011,trainable_target_observed
202711,Bojan Bogdanovic,2011,0.0489358571428571,1,0,,1,2011,trainable_target_observed
202712,Justin Harper,2011,0.0014202571428571,1,0,,1,2011,trainable_target_observed
202713,Kyle Singler,2011,0.0642857142857142,1,0,,1,2011,trainable_target_observed
202714,Shelvin Mack,2011,0.0347619,1,0,,1,2011,trainable_target_observed
202715,Tyler Honeycutt,2011,,0,0,,0,2011,target_missing_not_trainable
202716,Jordan Williams,2011,,0,0,,0,2011,target_missing_not_trainable
202717,Trey Thompkins,2011,,0,0,,0,2011,target_missing_not_trainable
202718,Chandler Parsons,2011,0.21945,1,0,,1,2011,trainable_target_observed
202719,Jeremy Tyler,2011,,0,0,,0,2011,target_missing_not_trainable
202720,Jon Leuer,2011,0.0147857142857142,1,0,,1,2011,trainable_target_observed
202721,Darius Morris,2011,,0,0,,0,2011,target_missing_not_trainable
202723,Malcolm Lee,2011,,0,0,,0,2011,target_missing_not_trainable
202724,Charles Jenkins,2011,,0,0,,0,2011,target_missing_not_trainable
202725,Josh Harrellson,2011,,0,0,,0,2011,target_missing_not_trainable
202726,Andrew Goudelock,2011,0.0028657142857142,1,0,,1,2011,trainable_target_observed
202727,Travis Leslie,2011,,0,0,,0,2011,target_missing_not_trainable
202728,Keith Benson,2011,,0,0,,0,2011,target_missing_not_trainable
202729,Josh Selby,2011,,0,0,,0,2011,target_missing_not_trainable
202730,Lavoy Allen,2011,0.0507142857142857,1,0,,1,2011,trainable_target_observed
202731,Vernon Macklin,2011,,0,0,,0,2011,target_missing_not_trainable
202732,DeAndre Liggins,2011,,0,0,,0,2011,target_missing_not_trainable
202734,E'Twaun Moore,2011,0.0145060142857142,1,0,,1,2011,trainable_target_observed
202738,Isaiah Thomas,2011,0.0987552714285714,1,0,,1,2011,trainable_target_observed
203076,Anthony Davis,2012,0.2349271852394761,1,0,,1,2012,trainable_target_observed
203077,Michael Kidd-Gilchrist,2012,0.1380878025981751,1,0,,1,2012,trainable_target_observed
203078,Bradley Beal,2012,0.2349271852394761,1,0,,1,2012,trainable_target_observed
203079,Dion Waiters,2012,0.0307829578407316,1,0,,1,2012,trainable_target_observed
203080,Thomas Robinson,2012,0.0111634534697215,1,0,,1,2012,trainable_target_observed
203081,Damian Lillard,2012,0.2584199037634237,1,0,,1,2012,trainable_target_observed
203082,Terrence Ross,2012,0.1062213866139808,1,0,,1,2012,trainable_target_observed
203083,Andre Drummond,2012,0.2349271852394761,1,0,,1,2012,trainable_target_observed
203084,Harrison Barnes,2012,0.2349271852394761,1,0,,1,2012,trainable_target_observed
203085,Austin Rivers,2012,0.1168435252753789,1,0,,1,2012,trainable_target_observed
203086,Meyers Leonard,2012,0.0978669046025726,1,0,,1,2012,trainable_target_observed
203087,Jeremy Lamb,2012,0.0743549706297866,1,0,,1,2012,trainable_target_observed
203088,Kendall Marshall,2012,,0,0,,0,2012,target_missing_not_trainable
203089,John Henson,2012,0.1303082119753991,1,0,,1,2012,trainable_target_observed
203090,Maurice Harkless,2012,,0,0,,0,2012,target_missing_not_trainable
203091,Royce White,2012,,0,0,,0,2012,target_missing_not_trainable
203092,Tyler Zeller,2012,0.0849771092911846,1,0,,1,2012,trainable_target_observed
203093,Terrence Jones,2012,0.0128229820592078,1,0,,1,2012,trainable_target_observed
203094,Andrew Nicholson,2012,0.0646781279542823,1,0,,1,2012,trainable_target_observed
203095,Evan Fournier,2012,0.1805763572437674,1,0,,1,2012,trainable_target_observed
203096,Jared Sullinger,2012,0.0597813963863484,1,0,,1,2012,trainable_target_observed
203097,Fab Melo,2012,,0,0,,0,2012,target_missing_not_trainable
203098,John Jenkins,2012,0.0111634534697215,1,0,,1,2012,trainable_target_observed
203099,Jared Cunningham,2012,,0,0,,0,2012,target_missing_not_trainable
203100,Tony Wroten,2012,0.0002655534665349,1,0,,1,2012,trainable_target_observed
203101,Miles Plumlee,2012,0.1317145194013362,1,0,,1,2012,trainable_target_observed
203102,Arnett Moultrie,2012,,0,0,,0,2012,target_missing_not_trainable
203103,Perry Jones III,2012,,0,0,,0,2012,target_missing_not_trainable
203104,Marquis Teague,2012,,0,0,,0,2012,target_missing_not_trainable
203105,Festus Ezeli,2012,0.0786038260943458,1,0,,1,2012,trainable_target_observed
203106,Jeffery Taylor,2012,,0,0,,0,2012,target_missing_not_trainable
203108,Bernard James,2012,,0,0,,0,2012,target_missing_not_trainable
203109,Jae Crowder,2012,0.0667750974581222,1,0,,1,2012,trainable_target_observed
203110,Draymond Green,2012,0.1628420063095503,1,0,,1,2012,trainable_target_observed
203111,Orlando Johnson,2012,,0,0,,0,2012,target_missing_not_trainable
203112,Quincy Acy,2012,0.0315000053110693,1,0,,1,2012,trainable_target_observed
203113,Quincy Miller,2012,,0,0,,0,2012,target_missing_not_trainable
203114,Khris Middleton,2012,0.1614565076532509,1,0,,1,2012,trainable_target_observed
203115,Will Barton,2012,0.0375315530628936,1,0,,1,2012,trainable_target_observed
203116,Tyshawn Taylor,2012,,0,0,,0,2012,target_missing_not_trainable
203117,Doron Lamb,2012,,0,0,,0,2012,target_missing_not_trainable
203118,Mike Scott,2012,0.035407125330614,1,0,,1,2012,trainable_target_observed
203119,Kim English,2012,,0,0,,0,2012,target_missing_not_trainable
203120,Justin Hamilton,2012,0.0318664159841942,1,0,,1,2012,trainable_target_observed
203121,Darius Miller,2012,,0,0,,0,2012,target_missing_not_trainable
203122,Kevin Murphy,2012,,0,0,,0,2012,target_missing_not_trainable
203123,Kostas Papanikolaou,2012,,0,0,,0,2012,target_missing_not_trainable
203124,Kyle O'Quinn,2012,0.0416255058793537,1,0,,1,2012,trainable_target_observed
203126,Kris Joseph,2012,,0,0,,0,2012,target_missing_not_trainable
203128,Furkan Aldemir,2012,,0,0,,0,2012,target_missing_not_trainable
203129,Tornike Shengelia,2012,,0,0,,0,2012,target_missing_not_trainable
203130,Darius Johnson-Odom,2012,,0,0,,0,2012,target_missing_not_trainable
203133,Robbie Hummel,2012,0.0015933207992097,1,0,,1,2012,trainable_target_observed
203135,Robert Sacre,2012,,0,0,,0,2012,target_missing_not_trainable
203136,Ognjen Kuzmic,2012,,0,0,,0,2012,target_missing_not_trainable
203318,Glen Rice,2013,,0,0,,0,2013,target_missing_not_trainable
203457,Nerlens Noel,2013,0.0422592816848818,1,0,,1,2013,trainable_target_observed
203458,Alex Len,2013,0.0422592816848818,1,0,,1,2013,trainable_target_observed
203459,Allen Crabbe,2013,0.1866933083063384,1,0,,1,2013,trainable_target_observed
203460,Andre Roberson,2013,0.0934401017226242,1,0,,1,2013,trainable_target_observed
203461,Anthony Bennett,2013,,0,0,,0,2013,target_missing_not_trainable
203462,Archie Goodwin,2013,,0,0,,0,2013,target_missing_not_trainable
203463,Ben McLemore,2013,0.0524759569293492,1,0,,1,2013,trainable_target_observed
203467,Carrick Felix,2013,0.0014219066937119,1,0,,1,2013,trainable_target_observed
203468,CJ McCollum,2013,0.2418190285893049,1,0,,1,2013,trainable_target_observed
203469,Cody Zeller,2013,0.1269945404821733,1,0,,1,2013,trainable_target_observed
203471,Dennis Schröder,2013,0.1564187177701755,1,0,,1,2013,trainable_target_observed
203475,Erick Green,2013,,0,0,,0,2013,target_missing_not_trainable
203476,Gorgui Dieng,2013,0.1424153068329751,1,0,,1,2013,trainable_target_observed
203477,Isaiah Canaan,2013,0.0112405820794607,1,0,,1,2013,trainable_target_observed
203479,Jamaal Franklin,2013,,0,0,,0,2013,target_missing_not_trainable
203481,Jeff Withey,2013,0.0059921487895209,1,0,,1,2013,trainable_target_observed
203482,Kelly Olynyk,2013,0.1211707083245032,1,0,,1,2013,trainable_target_observed
203484,Kentavious Caldwell-Pope,2013,0.1790832248493839,1,0,,1,2013,trainable_target_observed
203485,Lorenzo Brown,2013,0.0007795707063061,1,0,,1,2013,trainable_target_observed
203486,Mason Plumlee,2013,0.1416961440263187,1,0,,1,2013,trainable_target_observed
203487,Michael Carter-Williams,2013,0.0272471314825466,1,0,,1,2013,trainable_target_observed
203488,Mike Muscala,2013,0.0504576508936049,1,0,,1,2013,trainable_target_observed
203489,Nate Wolters,2013,0.0007795707063061,1,0,,1,2013,trainable_target_observed
203490,Otto Porter Jr.,2013,0.25,1,0,,1,2013,trainable_target_observed
203491,Peyton Siva,2013,,0,0,,0,2013,target_missing_not_trainable
203492,Ray McCallum,2013,,0,0,,0,2013,target_missing_not_trainable
203493,Reggie Bullock Jr.,2013,0.0252288254468024,1,0,,1,2013,trainable_target_observed
203495,Ricky Ledo,2013,,0,0,,0,2013,target_missing_not_trainable
203497,Rudy Gobert,2013,0.214189892323373,1,0,,1,2013,trainable_target_observed
203498,Shabazz Muhammad,2013,0.0194237231691441,1,0,,1,2013,trainable_target_observed
203499,Shane Larkin,2013,0.0153825699090753,1,0,,1,2013,trainable_target_observed
203500,Steven Adams,2013,0.2267759680300324,1,0,,1,2013,trainable_target_observed
203501,Tim Hardaway Jr.,2013,0.1665102479488965,1,0,,1,2013,trainable_target_observed
203502,Tony Mitchell,2013,,0,0,,0,2013,target_missing_not_trainable
203503,Tony Snell,2013,0.0991132471516656,1,0,,1,2013,trainable_target_observed
203504,Trey Burke,2013,0.0079133743049458,1,0,,1,2013,trainable_target_observed
203506,Victor Oladipo,2013,0.2119221337531409,1,0,,1,2013,trainable_target_observed
203507,Giannis Antetokounmpo,2013,0.2267759680300324,1,0,,1,2013,trainable_target_observed
203508,Sergey Karasev,2013,,0,0,,0,2013,target_missing_not_trainable
203510,Pierre Jackson,2013,,0,0,,0,2013,target_missing_not_trainable
203511,Grant Jerrett,2013,,0,0,,0,2013,target_missing_not_trainable
203512,Lucas Nogueira,2013,0.0297428072618651,1,0,,1,2013,trainable_target_observed
203513,Erik Murphy,2013,,0,0,,0,2013,target_missing_not_trainable
203516,James Ennis III,2013,0.0305612909085404,1,0,,1,2013,trainable_target_observed
203517,Nemanja Nedovic,2013,,0,0,,0,2013,target_missing_not_trainable
203518,Alex Abrines,2013,0.0577740102731777,1,0,,1,2013,trainable_target_observed
203524,Solomon Hill,2013,0.1234853622354757,1,0,,1,2013,trainable_target_observed
203526,Raul Neto,2013,0.0148484958574268,1,0,,1,2013,trainable_target_observed
203527,Ryan Kelly,2013,,0,0,,0,2013,target_missing_not_trainable
203530,Joffrey Lauvergne,2013,0.0153825699090753,1,0,,1,2013,trainable_target_observed
203648,Thanasis Antetokounmpo,2014,,0,0,,0,2014,target_missing_not_trainable
203798,PJ Hairston,2014,,0,0,,0,2014,target_missing_not_trainable
203893,Russ Smith,2014,,0,0,,0,2014,target_missing_not_trainable
203894,Shabazz Napier,2014,0.0190678420324141,1,0,,1,2014,trainable_target_observed
203895,Jordan McRae,2014,0.000758326870785,1,0,,1,2014,trainable_target_observed
203897,Zach LaVine,2014,0.1914223168971915,1,0,,1,2014,trainable_target_observed
203898,Tyler Ennis,2014,,0,0,,0,2014,target_missing_not_trainable
203900,Markel Brown,2014,,0,0,,0,2014,target_missing_not_trainable
203901,Elfrid Payton,2014,0.0294495872149525,1,0,,1,2014,trainable_target_observed
203902,Semaj Christon,2014,,0,0,,0,2014,target_missing_not_trainable
203903,Jordan Clarkson,2014,0.1227066133956355,1,0,,1,2014,trainable_target_observed
203906,Devyn Marble,2014,,0,0,,0,2014,target_missing_not_trainable
203909,KJ McDaniels,2014,,0,0,,0,2014,target_missing_not_trainable
203910,Nick Johnson,2014,,0,0,,0,2014,target_missing_not_trainable
203912,C.J. Wilcox,2014,,0,0,,0,2014,target_missing_not_trainable
203914,Gary Harris,2014,0.1621480234418714,1,0,,1,2014,trainable_target_observed
203915,Spencer Dinwiddie,2014,0.0162570752633283,1,0,,1,2014,trainable_target_observed
203917,Nik Stauskas,2014,0.0212222167685949,1,0,,1,2014,trainable_target_observed
203918,Rodney Hood,2014,0.0340916961980582,1,0,,1,2014,trainable_target_observed
203919,Jordan Adams,2014,,0,0,,0,2014,target_missing_not_trainable
203921,Cleanthony Early,2014,,0,0,,0,2014,target_missing_not_trainable
203922,Glenn Robinson III,2014,0.0400023559669771,1,0,,1,2014,trainable_target_observed
203923,James Young,2014,,0,0,,0,2014,target_missing_not_trainable
203924,Jerami Grant,2014,0.0818044056582473,1,0,,1,2014,trainable_target_observed
203925,Joe Harris,2014,0.0818044056582473,1,0,,1,2014,trainable_target_observed
203926,Doug McDermott,2014,0.0719878864031255,1,0,,1,2014,trainable_target_observed
203928,Cory Jefferson,2014,,0,0,,0,2014,target_missing_not_trainable
203932,Aaron Gordon,2014,0.2119477858818678,1,0,,1,2014,trainable_target_observed
203933,T.J. Warren,2014,0.1153442165918974,1,0,,1,2014,trainable_target_observed
203934,Lamar Patterson,2014,,0,0,,0,2014,target_missing_not_trainable
203935,Marcus Smart,2014,0.1095594930744387,1,0,,1,2014,trainable_target_observed
203937,Kyle Anderson,2014,0.0848246277081349,1,0,,1,2014,trainable_target_observed
203939,Dwight Powell,2014,0.0945454456213372,1,0,,1,2014,trainable_target_observed
203940,Adreian Payne,2014,,0,0,,0,2014,target_missing_not_trainable
203943,Noah Vonleh,2014,0.0159166674847107,1,0,,1,2014,trainable_target_observed
203944,Julius Randle,2014,0.0848246277081349,1,0,,1,2014,trainable_target_observed
203946,Cameron Bairstow,2014,,0,0,,0,2014,target_missing_not_trainable
203948,Johnny O'Bryant III,2014,,0,0,,0,2014,target_missing_not_trainable
203950,Jarnell Stokes,2014,0.000758326870785,1,0,,1,2014,trainable_target_observed
203952,Andrew Wiggins,2014,0.25,1,0,,1,2014,trainable_target_observed
203953,Jabari Parker,2014,0.1963305814330169,1,0,,1,2014,trainable_target_observed
203954,Joel Embiid,2014,0.25,1,0,,1,2014,trainable_target_observed
203956,Mitch McGary,2014,,0,0,,0,2014,target_missing_not_trainable
203957,Dante Exum,2014,0.1040552081594989,1,0,,1,2014,trainable_target_observed
203962,Josh Huestis,2014,,0,0,,0,2014,target_missing_not_trainable
203967,Dario Saric,2014,0.0248047983194102,1,0,,1,2014,trainable_target_observed
203991,Clint Capela,2014,0.1550334645476052,1,0,,1,2014,trainable_target_observed
203992,Bogdan Bogdanović,2014,0.0883487616448576,1,0,,1,2014,trainable_target_observed
203994,Jusuf Nurkić,2014,0.1090725441498395,1,0,,1,2014,trainable_target_observed
203996,Damien Inglis,2014,,0,0,,0,2014,target_missing_not_trainable
203998,Bruno Caboclo,2014,0.0069241967625087,1,0,,1,2014,trainable_target_observed
203999,Nikola Jokić,2014,0.25,1,0,,1,2014,trainable_target_observed
204002,Edy Tavares,2014,,0,0,,0,2014,target_missing_not_trainable
204001,Kristaps Porziņģis,2015,0.25,1,0,,1,2015,trainable_target_observed
1626143,Jahlil Okafor,2015,0.0155991020707348,1,0,,1,2015,trainable_target_observed
1626144,Emmanuel Mudiay,2015,0.0159166666666666,1,0,,1,2015,trainable_target_observed
1626145,Tyus Jones,2015,0.0926882902693787,1,0,,1,2015,trainable_target_observed
1626147,Justin Anderson,2015,,0,0,,0,2015,target_missing_not_trainable
1626148,Anthony Brown,2015,,0,0,,0,2015,target_missing_not_trainable
1626149,Montrezl Harrell,2015,0.0549752611324903,1,0,,1,2015,trainable_target_observed
1626150,Andrew Harrison,2015,,0,0,,0,2015,target_missing_not_trainable
1626153,Delon Wright,2015,0.0868030419644493,1,0,,1,2015,trainable_target_observed
1626154,RJ Hunter,2015,,0,0,,0,2015,target_missing_not_trainable
1626155,Sam Dekker,2015,,0,0,,0,2015,target_missing_not_trainable
1626156,D'Angelo Russell,2015,0.25,1,0,,1,2015,trainable_target_observed
1626157,Karl-Anthony Towns,2015,0.25,1,0,,1,2015,trainable_target_observed
1626158,Richaun Holmes,2015,0.0436778449697636,1,0,,1,2015,trainable_target_observed
1626159,Justise Winslow,2015,0.1191130657870624,1,0,,1,2015,trainable_target_observed
1626161,Willie Cauley-Stein,2015,0.019951282756093,1,0,,1,2015,trainable_target_observed
1626162,Kelly Oubre Jr.,2015,0.143164742532527,1,0,,1,2015,trainable_target_observed
1626163,Frank Kaminsky,2015,0.0436778449697636,1,0,,1,2015,trainable_target_observed
1626164,Devin Booker,2015,0.25,1,0,,1,2015,trainable_target_observed
1626166,Cameron Payne,2015,0.0017984973428623,1,0,,1,2015,trainable_target_observed
1626167,Myles Turner,2015,0.1649257833974711,1,0,,1,2015,trainable_target_observed
1626168,Trey Lyles,2015,0.0503939893714495,1,0,,1,2015,trainable_target_observed
1626169,Stanley Johnson,2015,0.0331958951805021,1,0,,1,2015,trainable_target_observed
1626170,Jerian Grant,2015,0.0017984973428623,1,0,,1,2015,trainable_target_observed
1626171,Bobby Portis,2015,0.1374381528312259,1,0,,1,2015,trainable_target_observed
1626173,Rashad Vaughn,2015,,0,0,,0,2015,target_missing_not_trainable
1626175,Jordan Mickey,2015,,0,0,,0,2015,target_missing_not_trainable
1626176,Rakeem Christmas,2015,,0,0,,0,2015,target_missing_not_trainable
1626177,Dakari Johnson,2015,,0,0,,0,2015,target_missing_not_trainable
1626178,Rondae Hollis-Jefferson,2015,0.0229063588052043,1,0,,1,2015,trainable_target_observed
1626179,Terry Rozier,2015,0.1822863936228697,1,0,,1,2015,trainable_target_observed
1626181,Norman Powell,2015,0.0926935678944474,1,0,,1,2015,trainable_target_observed
1626183,Branden Dawson,2015,,0,0,,0,2015,target_missing_not_trainable
1626185,Jarell Martin,2015,,0,0,,0,2015,target_missing_not_trainable
1626191,Chris McCullough,2015,,0,0,,0,2015,target_missing_not_trainable
1626192,Pat Connaughton,2015,0.0157875206157229,1,0,,1,2015,trainable_target_observed
1626195,Willy Hernangomez,2015,0.0153631574124977,1,0,,1,2015,trainable_target_observed
1626199,Darrun Hilliard,2015,,0,0,,0,2015,target_missing_not_trainable
1626202,Joe Young,2015,,0,0,,0,2015,target_missing_not_trainable
1626204,Larry Nance Jr.,2015,0.1166141927799157,1,0,,1,2015,trainable_target_observed
1626209,Mario Hezonja,2015,0.0159166666666666,1,0,,1,2015,trainable_target_observed
1626224,Cedi Osman,2015,0.0266368242624152,1,0,,1,2015,trainable_target_observed
1627732,Ben Simmons,2016,0.28,1,0,,1,2016,trainable_target_observed
1627733,Dragan Bender,2016,,0,0,,0,2016,target_missing_not_trainable
1627734,Domantas Sabonis,2016,0.1814183617372182,1,0,,1,2016,trainable_target_observed
1627735,Wade Baldwin IV,2016,,0,0,,0,2016,target_missing_not_trainable
1627736,Malik Beasley,2016,0.1230153472603994,1,0,,1,2016,trainable_target_observed
1627737,Marquese Chriss,2016,0.0167125068719076,1,0,,1,2016,trainable_target_observed
1627738,Deyonta Davis,2016,,0,0,,0,2016,target_missing_not_trainable
1627739,Kris Dunn,2016,0.0436778449697636,1,0,,1,2016,trainable_target_observed
1627740,Henry Ellenson,2016,0.0015483140919919,1,0,,1,2016,trainable_target_observed
1627741,Buddy Hield,2016,0.2284388583470771,1,0,,1,2016,trainable_target_observed
1627742,Brandon Ingram,2016,0.25,1,0,,1,2016,trainable_target_observed
1627743,Demetrius Jackson,2016,0.0008508063038299,1,0,,1,2016,trainable_target_observed
1627744,Brice Johnson,2016,,0,0,,0,2016,target_missing_not_trainable
1627745,Damian Jones,2016,0.0136273043796958,1,0,,1,2016,trainable_target_observed
1627746,Skal Labissiere,2016,,0,0,,0,2016,target_missing_not_trainable
1627747,Caris LeVert,2016,0.1484671431189298,1,0,,1,2016,trainable_target_observed
1627748,Thon Maker,2016,0.0159166666666666,1,0,,1,2016,trainable_target_observed
1627749,Dejounte Murray,2016,0.1308960967564596,1,0,,1,2016,trainable_target_observed
1627750,Jamal Murray,2016,0.25,1,0,,1,2016,trainable_target_observed
1627751,Jakob Poeltl,2016,0.0742335715594649,1,0,,1,2016,trainable_target_observed
1627752,Taurean Prince,2016,0.1122411581455011,1,0,,1,2016,trainable_target_observed
1627753,Zhou Qi,2016,,0,0,,0,2016,target_missing_not_trainable
1627754,Diamond Stone,2016,,0,0,,0,2016,target_missing_not_trainable
1627755,Tyler Ulis,2016,,0,0,,0,2016,target_missing_not_trainable
1627756,Denzel Valentine,2016,0.042539857064321,1,0,,1,2016,trainable_target_observed
1627757,Stephen Zimmerman,2016,,0,0,,0,2016,target_missing_not_trainable
1627759,Jaylen Brown,2016,0.2293853582554517,1,0,,1,2016,trainable_target_observed
1627761,DeAndre' Bembry,2016,0.0159166666666666,1,0,,1,2016,trainable_target_observed
1627762,Joel Bolomboy,2016,,0,0,,0,2016,target_missing_not_trainable
1627763,Malcolm Brogdon,2016,0.1896646509070918,1,0,,1,2016,trainable_target_observed
1627767,Cheick Diallo,2016,,0,0,,0,2016,target_missing_not_trainable
1627770,Kay Felder,2016,,0,0,,0,2016,target_missing_not_trainable
1627771,Michael Gbinije,2016,,0,0,,0,2016,target_missing_not_trainable
1627772,Daniel Hamilton,2016,,0,0,,0,2016,target_missing_not_trainable
1627773,AJ Hammons,2016,0.003207687374015,1,0,,1,2016,trainable_target_observed
1627774,Jake Layman,2016,0.0344611050027487,1,0,,1,2016,trainable_target_observed
1627775,Patrick McCaw,2016,0.0366501740883269,1,0,,1,2016,trainable_target_observed
1627777,Georges Niang,2016,0.0163419186366135,1,0,,1,2016,trainable_target_observed
1627778,Chinanu Onuaku,2016,,0,0,,0,2016,target_missing_not_trainable
1627779,Marcus Paige,2016,,0,0,,0,2016,target_missing_not_trainable
1627781,Malachi Richardson,2016,,0,0,,0,2016,target_missing_not_trainable
1627783,Pascal Siakam,2016,0.28,1,0,,1,2016,trainable_target_observed
1627785,Isaiah Whitehead,2016,,0,0,,0,2016,target_missing_not_trainable
1627788,Furkan Korkmaz,2016,0.0161516950705515,1,0,,1,2016,trainable_target_observed
1627789,Timothe Luwawu-Cabarrot,2016,,0,0,,0,2016,target_missing_not_trainable
1627790,Ante Zizic,2016,,0,0,,0,2016,target_missing_not_trainable
1627791,Ben Bentil,2016,,0,0,,0,2016,target_missing_not_trainable
1627820,Tyrone Wallace,2016,,0,0,,0,2016,target_missing_not_trainable
1627823,Juancho Hernangomez,2016,0.0594923950888766,1,0,,1,2016,trainable_target_observed
1627824,Guerschon Yabusele,2016,0.0095206157229246,1,0,,1,2016,trainable_target_observed
1627826,Ivica Zubac,2016,0.0641378046545721,1,0,,1,2016,trainable_target_observed
1627834,Georgios Papagiannis,2016,,0,0,,0,2016,target_missing_not_trainable
1627835,Paul Zipser,2016,,0,0,,0,2016,target_missing_not_trainable
1627846,Abdel Nader,2016,0.0160614806670331,1,0,,1,2016,trainable_target_observed
1628366,Lonzo Ball,2017,0.1655011920223459,1,0,,1,2017,trainable_target_observed
1628367,Josh Jackson,2017,0.0445260376821392,1,0,,1,2017,trainable_target_observed
1628368,De'Aaron Fox,2017,0.25,1,0,,1,2017,trainable_target_observed
1628369,Jayson Tatum,2017,0.25,1,0,,1,2017,trainable_target_observed
1628370,Malik Monk,2017,0.0159166651840518,1,0,,1,2017,trainable_target_observed
1628371,Jonathan Isaac,2017,0.1547849911932677,1,0,,1,2017,trainable_target_observed
1628373,Frank Ntilikina,2017,0.0159166651840518,1,0,,1,2017,trainable_target_observed
1628374,Lauri Markkanen,2017,0.1395814489298485,1,0,,1,2017,trainable_target_observed
1628378,Donovan Mitchell,2017,0.25,1,0,,1,2017,trainable_target_observed
1628379,Luke Kennard,2017,0.1187372302382265,1,0,,1,2017,trainable_target_observed
1628380,Zach Collins,2017,0.0622698240432686,1,0,,1,2017,trainable_target_observed
1628381,John Collins,2017,0.2046008504278826,1,0,,1,2017,trainable_target_observed
1628382,Justin Jackson,2017,0.0027442578326542,1,0,,1,2017,trainable_target_observed
1628383,Justin Patton,2017,,0,0,,0,2017,target_missing_not_trainable
1628384,OG Anunoby,2017,0.1429664365648406,1,0,,1,2017,trainable_target_observed
1628385,Harry Giles III,2017,,0,0,,0,2017,target_missing_not_trainable
1628386,Jarrett Allen,2017,0.1779137829807675,1,0,,1,2017,trainable_target_observed
1628387,Ike Anigbogu,2017,,0,0,,0,2017,target_missing_not_trainable
1628388,T.J. Leaf,2017,,0,0,,0,2017,target_missing_not_trainable
1628389,Bam Adebayo,2017,0.25,1,0,,1,2017,trainable_target_observed
1628390,Terrance Ferguson,2017,,0,0,,0,2017,target_missing_not_trainable
1628391,D.J. Wilson,2017,0.0027442578326542,1,0,,1,2017,trainable_target_observed
1628392,Isaiah Hartenstein,2017,0.0153825769032326,1,0,,1,2017,trainable_target_observed
1628393,Jawun Evans,2017,,0,0,,0,2017,target_missing_not_trainable
1628394,Anžejs Pasečņiks,2017,,0,0,,0,2017,target_missing_not_trainable
1628395,Jordan Bell,2017,0.0009147526108847,1,0,,1,2017,trainable_target_observed
1628396,Tony Bradley,2017,0.0159166651840518,1,0,,1,2017,trainable_target_observed
1628397,Ivan Rabb,2017,,0,0,,0,2017,target_missing_not_trainable
1628398,Kyle Kuzma,2017,0.1156439589374988,1,0,,1,2017,trainable_target_observed
1628399,Tyler Lydon,2017,,0,0,,0,2017,target_missing_not_trainable
1628400,Semi Ojeleye,2017,0.0159166651840518,1,0,,1,2017,trainable_target_observed
1628401,Derrick White,2017,0.1394716939171277,1,0,,1,2017,trainable_target_observed
1628402,Frank Jackson,2017,0.0266870674471151,1,0,,1,2017,trainable_target_observed
1628403,Caleb Swanigan,2017,,0,0,,0,2017,target_missing_not_trainable
1628404,Josh Hart,2017,0.1067482697884605,1,0,,1,2017,trainable_target_observed
1628407,Dwayne Bacon,2017,,0,0,,0,2017,target_missing_not_trainable
1628409,Alec Peters,2017,,0,0,,0,2017,target_missing_not_trainable
1628410,Edmond Sumner,2017,0.020637998825769,1,0,,1,2017,trainable_target_observed
1628411,Wes Iwundu,2017,0.0171405163057982,1,0,,1,2017,trainable_target_observed
1628412,Frank Mason III,2017,,0,0,,0,2017,target_missing_not_trainable
1628413,Jonah Bolden,2017,,0,0,,0,2017,target_missing_not_trainable
1628414,Sindarius Thornwell,2017,,0,0,,0,2017,target_missing_not_trainable
1628415,Dillon Brooks,2017,0.1085274076182681,1,0,,1,2017,trainable_target_observed
1628416,Tyler Dorsey,2017,,0,0,,0,2017,target_missing_not_trainable
1628417,Jaron Blossomgame,2017,,0,0,,0,2017,target_missing_not_trainable
1628418,Thomas Bryant,2017,0.0770959755902289,1,0,,1,2017,trainable_target_observed
1628420,Monte Morris,2017,0.0751603359012222,1,0,,1,2017,trainable_target_observed
1628422,Damyean Dotson,2017,0.0018295052217695,1,0,,1,2017,trainable_target_observed
1628425,Sterling Brown,2017,0.0266870674471151,1,0,,1,2017,trainable_target_observed
1628427,Vlatko Čančar,2017,0.0158576422865479,1,0,,1,2017,trainable_target_observed
1628430,Nigel Williams-Goss,2017,,0,0,,0,2017,target_missing_not_trainable
1628432,Davon Reed,2017,0.0047360471115697,1,0,,1,2017,trainable_target_observed
1628443,Kadeem Allen,2017,,0,0,,0,2017,target_missing_not_trainable
1628444,Jabari Bird,2017,,0,0,,0,2017,target_missing_not_trainable
1628960,Grayson Allen,2018,0.0721766204358901,1,0,,1,2018,trainable_target_observed
1628961,Kostas Antetokounmpo,2018,0.001395455096842,1,0,,1,2018,trainable_target_observed
1628963,Marvin Bagley III,2018,0.1010877036917229,1,0,,1,2018,trainable_target_observed
1628964,Mo Bamba,2018,0.0832962678419797,1,0,,1,2018,trainable_target_observed
1628966,Keita Bates-Diop,2018,0.015193239254377,1,0,,1,2018,trainable_target_observed
1628969,Mikal Bridges,2018,0.1625490275362905,1,0,,1,2018,trainable_target_observed
1628970,Miles Bridges,2018,,0,0,,0,2018,target_missing_not_trainable
1628971,Bruce Brown,2018,0.0523957785774938,1,0,,1,2018,trainable_target_observed
1628972,Troy Brown Jr.,2018,0.0159166632970765,1,0,,1,2018,trainable_target_observed
1628973,Jalen Brunson,2018,0.2242799078080142,1,0,,1,2018,trainable_target_observed
1628975,Jevon Carter,2018,0.0487242731794104,1,0,,1,2018,trainable_target_observed
1628976,Wendell Carter Jr.,2018,0.1144312805790303,1,0,,1,2018,trainable_target_observed
1628977,Hamidou Diallo,2018,0.0420524847357567,1,0,,1,2018,trainable_target_observed
1628978,Donte DiVincenzo,2018,0.0363915733290202,1,0,,1,2018,trainable_target_observed
1628980,Jacob Evans,2018,,0,0,,0,2018,target_missing_not_trainable
1628982,Melvin Frazier Jr.,2018,,0,0,,0,2018,target_missing_not_trainable
1628983,Shai Gilgeous-Alexander,2018,0.25,1,0,,1,2018,trainable_target_observed
1628984,Devonte' Graham,2018,0.093405038211152,1,0,,1,2018,trainable_target_observed
1628985,Devon Hall,2018,,0,0,,0,2018,target_missing_not_trainable
1628987,Kevin Hervey,2018,,0,0,,0,2018,target_missing_not_trainable
1628988,Aaron Holiday,2018,0.0159166632970765,1,0,,1,2018,trainable_target_observed
1628989,Kevin Huerter,2018,0.1173339452508996,1,0,,1,2018,trainable_target_observed
1628990,Chandler Hutchison,2018,,0,0,,0,2018,target_missing_not_trainable
1628991,Jaren Jackson Jr.,2018,0.2340916663297076,1,0,,1,2018,trainable_target_observed
1628993,Alize Johnson,2018,0.0015550766244793,1,0,,1,2018,trainable_target_observed
1628994,George King,2018,,0,0,,0,2018,target_missing_not_trainable
1628995,Kevin Knox II,2018,0.0242610488860135,1,0,,1,2018,trainable_target_observed
1629001,De'Anthony Melton,2018,0.0667178844365371,1,0,,1,2018,trainable_target_observed
1629002,Chimezie Metu,2018,0.0154531559581092,1,0,,1,2018,trainable_target_observed
1629003,Shake Milton,2018,0.0161555780194897,1,0,,1,2018,trainable_target_observed
1629004,Svi Mykhailiuk,2018,0.0311099025514536,1,0,,1,2018,trainable_target_observed
1629006,Josh Okogie,2018,0.0159166632970765,1,0,,1,2018,trainable_target_observed
1629008,Michael Porter Jr.,2018,0.25,1,0,,1,2018,trainable_target_observed
1629010,Jerome Robinson,2018,,0,0,,0,2018,target_missing_not_trainable
1629011,Mitchell Robinson,2018,0.1378468642594315,1,0,,1,2018,trainable_target_observed
1629012,Collin Sexton,2018,0.1350531721321418,1,0,,1,2018,trainable_target_observed
1629013,Landry Shamet,2018,0.0768266548057094,1,0,,1,2018,trainable_target_observed
1629014,Anfernee Simons,2018,0.1805137600582265,1,0,,1,2018,trainable_target_observed
1629015,Zhaire Smith,2018,0.0086385508066798,1,0,,1,2018,trainable_target_observed
1629016,Omari Spellman,2018,,0,0,,0,2018,target_missing_not_trainable
1629017,Khyri Thomas,2018,,0,0,,0,2018,target_missing_not_trainable
1629018,Gary Trent Jr.,2018,0.1397436415834378,1,0,,1,2018,trainable_target_observed
1629020,Jarred Vanderbilt,2018,0.0353726092758076,1,0,,1,2018,trainable_target_observed
1629021,Moritz Wagner,2018,0.015193239254377,1,0,,1,2018,trainable_target_observed
1629022,Lonnie Walker IV,2018,0.0523957785774938,1,0,,1,2018,trainable_target_observed
1629027,Trae Young,2018,0.3,1,1,Reserved salary suggestion demo player; exclude from future salary-model training/calibration.,0,2018,demo_holdout_excluded_from_training
1629028,Deandre Ayton,2018,0.25,1,0,,1,2018,trainable_target_observed
1629029,Luka Dončić,2018,0.3,1,0,,1,2018,trainable_target_observed
1629034,Ray Spalding,2018,,0,0,,0,2018,target_missing_not_trainable
1629053,Vincent Edwards,2018,,0,0,,0,2018,target_missing_not_trainable
1629057,Robert Williams III,2018,0.0866466135619263,1,0,,1,2018,trainable_target_observed
1629058,Dzanan Musa,2018,,0,0,,0,2018,target_missing_not_trainable
1629059,Elie Okobo,2018,,0,0,,0,2018,target_missing_not_trainable
1629066,Rodions Kurucs,2018,,0,0,,0,2018,target_missing_not_trainable
1629067,Isaac Bonga,2018,,0,0,,0,2018,target_missing_not_trainable
1629083,Arnoldas Kulboka,2018,,0,0,,0,2018,target_missing_not_trainable
1629118,Thomas Welsh,2018,,0,0,,0,2018,target_missing_not_trainable
1628981,Bruno Fernando,2019,0.018978848854221,1,0,,1,2019,trainable_target_observed
1628998,Cody Martin,2019,0.0555796531417942,1,0,,1,2019,trainable_target_observed
1629023,P.J. Washington,2019,0.1238619477874739,1,0,,1,2019,trainable_target_observed
1629035,Carsen Edwards,2019,,0,0,,0,2019,target_missing_not_trainable
1629048,Goga Bitadze,2019,0.0151931319428617,1,0,,1,2019,trainable_target_observed
1629060,Rui Hachimura,2019,0.115722873673918,1,0,,1,2019,trainable_target_observed
1629346,Alen Smailagic,2019,,0,0,,0,2019,target_missing_not_trainable
1629608,Dewan Hernandez,2019,,0,0,,0,2019,target_missing_not_trainable
1629611,Terance Mann,2019,0.0777594856676542,1,0,,1,2019,trainable_target_observed
1629621,Marial Shayok,2019,,0,0,,0,2019,target_missing_not_trainable
1629625,Justin Wright-Foreman,2019,,0,0,,0,2019,target_missing_not_trainable
1629626,Bol Bol,2019,0.0159166599275111,1,0,,1,2019,trainable_target_observed
1629627,Zion Williamson,2019,0.25,1,0,,1,2019,trainable_target_observed
1629628,RJ Barrett,2019,0.1755900118364076,1,0,,1,2019,trainable_target_observed
1629629,Cam Reddish,2019,0.0159166599275111,1,0,,1,2019,trainable_target_observed
1629630,Ja Morant,2019,0.25,1,0,,1,2019,trainable_target_observed
1629631,De'Andre Hunter,2019,0.1476925327706751,1,0,,1,2019,trainable_target_observed
1629632,Coby White,2019,0.0816867321957638,1,0,,1,2019,trainable_target_observed
1629633,Jarrett Culver,2019,,0,0,,0,2019,target_missing_not_trainable
1629634,Brandon Clarke,2019,0.0918975746392101,1,0,,1,2019,trainable_target_observed
1629635,Sekou Doumbouya,2019,,0,0,,0,2019,target_missing_not_trainable
1629636,Darius Garland,2019,0.25,1,0,,1,2019,trainable_target_observed
1629637,Jaxson Hayes,2019,0.0159166599275111,1,0,,1,2019,trainable_target_observed
1629638,Nickeil Alexander-Walker,2019,0.0344615904897038,1,0,,1,2019,trainable_target_observed
1629639,Tyler Herro,2019,0.1984987612206938,1,0,,1,2019,trainable_target_observed
1629640,Keldon Johnson,2019,0.1470361194227362,1,0,,1,2019,trainable_target_observed
1629641,Romeo Langford,2019,,0,0,,0,2019,target_missing_not_trainable
1629642,Nassir Little,2019,0.045948787319605,1,0,,1,2019,trainable_target_observed
1629643,Chuma Okeke,2019,0.0387198447298578,1,0,,1,2019,trainable_target_observed
1629644,KZ Okpala,2019,,0,0,,0,2019,target_missing_not_trainable
1629645,Kevin Porter Jr.,2019,0.1165996427022298,1,0,,1,2019,trainable_target_observed
1629647,Darius Bazley,2019,0.0045906514435271,1,0,,1,2019,trainable_target_observed
1629648,Jordan Bone,2019,,0,0,,0,2019,target_missing_not_trainable
1629649,Ignas Brazdeikis,2019,,0,0,,0,2019,target_missing_not_trainable
1629651,Nic Claxton,2019,0.0707611324721917,1,0,,1,2019,trainable_target_observed
1629655,Daniel Gafford,2019,0.0911770976540387,1,0,,1,2019,trainable_target_observed
1629657,Kyle Guy,2019,,0,0,,0,2019,target_missing_not_trainable
1629659,Talen Horton-Tucker,2019,0.0810169018019276,1,0,,1,2019,trainable_target_observed
1629660,Ty Jerome,2019,0.0179312385587519,1,0,,1,2019,trainable_target_observed
1629661,Cameron Johnson,2019,0.1887895839613001,1,0,,1,2019,trainable_target_observed
1629662,Mfiondu Kabengele,2019,,0,0,,0,2019,target_missing_not_trainable
1629667,Jalen McDaniels,2019,0.0332007557656538,1,0,,1,2019,trainable_target_observed
1629669,Jaylen Nowell,2019,0.0029271950654678,1,0,,1,2019,trainable_target_observed
1629671,Miye Oni,2019,,0,0,,0,2019,target_missing_not_trainable
1629672,Eric Paschall,2019,,0,0,,0,2019,target_missing_not_trainable
1629673,Jordan Poole,2019,0.2055223605178612,1,0,,1,2019,trainable_target_observed
1629676,Isaiah Roby,2019,,0,0,,0,2019,target_missing_not_trainable
1629677,Luka Samanic,2019,0.0151931319428617,1,0,,1,2019,trainable_target_observed
1629678,Admiral Schofield,2019,0.0041154086501349,1,0,,1,2019,trainable_target_observed
1629680,Matisse Thybulle,2019,0.0771939626969365,1,0,,1,2019,trainable_target_observed
1629682,Tremont Waters,2019,,0,0,,0,2019,target_missing_not_trainable
1629683,Quinndary Weatherspoon,2019,,0,0,,0,2019,target_missing_not_trainable
1629684,Grant Williams,2019,0.0911991530719521,1,0,,1,2019,trainable_target_observed
1629685,Dylan Windler,2019,0.0082067327839083,1,0,,1,2019,trainable_target_observed
1629686,Deividas Sirvydis,2019,,0,0,,0,2019,target_missing_not_trainable
1629712,Didi Louzada,2019,0.0019705192580557,1,0,,1,2019,trainable_target_observed
1629713,Justin James,2019,,0,0,,0,2019,target_missing_not_trainable
1629714,Jarrell Brantley,2019,,0,0,,0,2019,target_missing_not_trainable
