PLAYER_ID,PLAYER_NAME,DRAFT_YEAR,name_key,has_s1_s4_logs,has_later_career_targets,has_player_features,has_season_features,has_cluster_assignments,has_shotchart_rows,missing_stage_count,fully_covered_for_hybrid_pipeline
101106,Andrew Bogut,2005,andrew bogut,1,1,1,1,1,1,0,1
101107,Marvin Williams,2005,marvin williams,1,1,1,1,1,1,0,1
101114,Deron Williams,2005,deron williams,1,1,1,1,1,1,0,1
101108,Chris Paul,2005,chris paul,1,1,1,1,1,1,0,1
101109,Raymond Felton,2005,raymond felton,1,1,1,1,1,1,0,1
101110,Martell Webster,2005,martell webster,1,1,1,1,1,1,0,1
101111,Charlie Villanueva,2005,charlie villanueva,1,1,1,1,1,1,0,1
101112,Channing Frye,2005,channing frye,1,1,1,1,1,1,0,1
101113,Ike Diogu,2005,ike diogu,1,1,1,1,1,1,0,1
101115,Andrew Bynum,2005,andrew bynum,1,1,1,1,1,1,0,1
101116,Fran Vazquez,2005,fran vazquez,0,0,0,0,0,0,6,0
101117,Yaroslav Korolev,2005,yaroslav korolev,1,1,1,1,1,1,0,1
101118,Sean May,2005,sean may,1,1,1,1,1,1,0,1
101119,Rashad McCants,2005,rashad mccants,1,1,1,1,1,1,0,1
101120,Antoine Wright,2005,antoine wright,1,1,1,1,1,1,0,1
101121,Joey Graham,2005,joey graham,1,1,1,1,1,1,0,1
101122,Danny Granger,2005,danny granger,1,1,1,1,1,1,0,1
101123,Gerald Green,2005,gerald green,1,1,1,1,1,1,0,1
101124,Hakim Warrick,2005,hakim warrick,1,1,1,1,1,1,0,1
101125,Julius Hodge,2005,julius hodge,1,1,1,1,1,1,0,1
101126,Nate Robinson,2005,nate robinson,1,1,1,1,1,1,0,1
101127,Jarrett Jack,2005,jarrett jack,1,1,1,1,1,1,0,1
101128,Francisco Garcia,2005,francisco garcia,1,1,1,1,1,1,0,1
101129,Luther Head,2005,luther head,1,0,1,1,1,1,1,0
101130,Johan Petro,2005,johan petro,1,1,1,1,1,1,0,1
101131,Jason Maxiell,2005,jason maxiell,1,1,1,1,1,1,0,1
101132,Linas Kleiza,2005,linas kleiza,1,1,1,1,1,1,0,1
101133,Ian Mahinmi,2005,ian mahinmi,1,1,1,1,1,1,0,1
101134,Wayne Simien,2005,wayne simien,1,1,1,1,1,1,0,1
101135,David Lee,2005,david lee,1,1,1,1,1,1,0,1
101136,Salim Stoudamire,2005,salim stoudamire,1,1,1,1,1,1,0,1
101137,Daniel Ewing,2005,daniel ewing,1,1,1,1,1,1,0,1
101138,Brandon Bass,2005,brandon bass,1,1,1,1,1,1,0,1
101139,CJ Miles,2005,cj miles,1,1,1,1,1,1,0,1
101140,Ricky Sanchez,2005,ricky sanchez,0,0,0,0,0,0,6,0
101141,Ersan Ilyasova,2005,ersan ilyasova,1,1,1,1,1,1,0,1
101142,Ronny Turiaf,2005,ronny turiaf,1,1,1,1,1,1,0,1
101143,Travis Diener,2005,travis diener,1,1,1,1,1,1,0,1
101144,Von Wafer,2005,von wafer,1,1,1,1,1,1,0,1
101145,Monta Ellis,2005,monta ellis,1,1,1,1,1,1,0,1
101146,Roko Ukic,2005,roko ukic,1,1,1,1,1,1,0,1
101147,Chris Taft,2005,chris taft,1,1,1,1,1,1,0,1
101148,Mile Ilic,2005,mile ilic,1,1,1,1,1,1,0,1
101149,Martynas Andriuskevicius,2005,martynas andriuskevicius,1,1,1,1,1,1,0,1
101150,Lou Williams,2005,lou williams,1,1,1,1,1,1,0,1
101151,Erazem Lorbek,2005,erazem lorbek,0,0,0,0,0,0,6,0
101152,Bracey Wright,2005,bracey wright,1,1,1,1,1,1,0,1
101153,Mickael Gelabale,2005,mickael gelabale,0,1,0,0,0,1,4,0
101154,Andray Blatche,2005,andray blatche,1,1,1,1,1,1,0,1
101155,Ryan Gomes,2005,ryan gomes,1,1,1,1,1,1,0,1
101156,Robert Whaley,2005,robert whaley,1,0,1,1,1,1,1,0
101157,Axel Hervelle,2005,axel hervelle,0,0,0,0,0,0,6,0
101158,Orien Greene,2005,orien greene,1,1,1,1,1,1,0,1
101159,Dijon Thompson,2005,dijon thompson,1,0,1,1,1,1,1,0
101160,Lawrence Roberts,2005,lawrence roberts,1,1,1,1,1,1,0,1
101161,Amir Johnson,2005,amir johnson,1,1,1,1,1,1,0,1
101162,Marcin Gortat,2005,marcin gortat,1,1,1,1,1,1,0,1
101166,Uros Slokar,2005,uros slokar,1,1,1,1,1,1,0,1
101164,Cenk Akyol,2005,cenk akyol,0,0,0,0,0,0,6,0
101165,Alex Acker,2005,alex acker,1,1,1,1,1,1,0,1
2730,Dwight Howard,2004,dwight howard,1,1,1,1,1,1,0,1
2731,Emeka Okafor,2004,emeka okafor,1,1,1,1,1,1,0,1
2732,Ben Gordon,2004,ben gordon,1,1,1,1,1,1,0,1
2733,Shaun Livingston,2004,shaun livingston,1,1,1,1,1,1,0,1
2734,Devin Harris,2004,devin harris,1,1,1,1,1,1,0,1
2735,Josh Childress,2004,josh childress,1,1,1,1,1,1,0,1
2736,Luol Deng,2004,luol deng,1,1,1,1,1,1,0,1
2737,Rafael Araujo,2004,rafael araujo,1,1,1,1,1,1,0,1
2738,Andre Iguodala,2004,andre iguodala,1,1,1,1,1,1,0,1
2739,Luke Jackson,2004,luke jackson,1,1,1,1,1,1,0,1
2740,Andris Biedrins,2004,andris biedrins,1,1,1,1,1,1,0,1
2741,Robert Swift,2004,robert swift,1,1,1,1,1,1,0,1
2742,Sebastian Telfair,2004,sebastian telfair,1,1,1,1,1,1,0,1
2743,Kris Humphries,2004,kris humphries,1,1,1,1,1,1,0,1
2744,Al Jefferson,2004,al jefferson,1,1,1,1,1,1,0,1
2745,Kirk Snyder,2004,kirk snyder,1,1,1,1,1,1,0,1
2746,Josh Smith,2004,josh smith,1,1,1,1,1,1,0,1
2747,JR Smith,2004,jr smith,1,1,1,1,1,1,0,1
2748,Dorell Wright,2004,dorell wright,1,1,1,1,1,1,0,1
2749,Jameer Nelson,2004,jameer nelson,1,1,1,1,1,1,0,1
2750,Pavel Podkolzin,2004,pavel podkolzin,1,0,1,1,1,1,1,0
2751,Viktor Khryapa,2004,viktor khryapa,1,1,1,1,1,1,0,1
2752,Sergei Monia,2004,sergei monia,1,0,1,1,1,1,1,0
2753,Delonte West,2004,delonte west,1,1,1,1,1,1,0,1
2754,Tony Allen,2004,tony allen,1,1,1,1,1,1,0,1
2755,Kevin Martin,2004,kevin martin,1,1,1,1,1,1,0,1
2756,Sasha Vujacic,2004,sasha vujacic,1,1,1,1,1,1,0,1
2757,Beno Udrih,2004,beno udrih,1,1,1,1,1,1,0,1
2758,David Harrison,2004,david harrison,1,1,1,1,1,1,0,1
2760,Anderson Varejao,2004,anderson varejao,1,1,1,1,1,1,0,1
2761,Jackson Vroman,2004,jackson vroman,1,1,1,1,1,1,0,1
2762,Peter John Ramos,2004,peter john ramos,1,0,1,1,1,1,1,0
2763,Lionel Chalmers,2004,lionel chalmers,1,1,1,1,1,1,0,1
2764,Donta Smith,2004,donta smith,1,1,1,1,1,1,0,1
2765,Andre Emmett,2004,andre emmett,1,0,1,1,1,1,1,0
2766,Antonio Burks,2004,antonio burks,1,1,1,1,1,1,0,1
2767,Royal Ivey,2004,royal ivey,1,1,1,1,1,1,0,1
2768,Chris Duhon,2004,chris duhon,1,1,1,1,1,1,0,1
2769,Albert Miralles,2004,albert miralles,0,0,0,0,0,0,6,0
2770,Justin Reed,2004,justin reed,1,1,1,1,1,1,0,1
2801,David Young,2004,david young,0,0,0,0,0,0,6,0
2771,Viktor Sanikidze,2004,viktor sanikidze,0,0,0,0,0,0,6,0
2772,Trevor Ariza,2004,trevor ariza,1,1,1,1,1,1,0,1
2773,Tim Pickett,2004,tim pickett,0,0,0,0,0,0,6,0
2774,Bernard Robinson,2004,bernard robinson,1,1,1,1,1,1,0,1
2775,Ha Ha,2004,ha ha,1,1,1,1,1,1,0,1
2776,Pape Sow,2004,pape sow,1,1,1,1,1,1,0,1
2777,Ricky Minard,2004,ricky minard,0,0,0,0,0,0,6,0
2778,Sergei Lishouk,2004,sergei lishouk,0,0,0,0,0,0,6,0
2779,Vassilis Spanoulis,2004,vassilis spanoulis,1,1,1,1,1,1,0,1
2780,Christian Drejer,2004,christian drejer,0,0,0,0,0,0,6,0
2781,Romain Sato,2004,romain sato,0,0,0,0,0,0,6,0
2782,Matt Freije,2004,matt freije,1,0,1,1,1,1,1,0
2783,Rickey Paulding,2004,rickey paulding,0,0,0,0,0,0,6,0
2784,Luis Flores,2004,luis flores,1,1,1,1,1,1,0,1
2785,Marcus Douthit,2004,marcus douthit,0,0,0,0,0,0,6,0
2807,Sergei Karaulov,2004,sergei karaulov,0,0,0,0,0,0,6,0
2786,Blake Stepp,2004,blake stepp,0,0,0,0,0,0,6,0
2787,Rashad Wright,2004,rashad wright,0,0,0,0,0,0,6,0
2544,LeBron James,2003,lebron james,1,1,1,1,1,1,0,1
2545,Darko Milicic,2003,darko milicic,1,1,1,1,1,1,0,1
2546,Carmelo Anthony,2003,carmelo anthony,1,1,1,1,1,1,0,1
2547,Chris Bosh,2003,chris bosh,1,1,1,1,1,1,0,1
2548,Dwyane Wade,2003,dwyane wade,1,1,1,1,1,1,0,1
2549,Chris Kaman,2003,chris kaman,1,1,1,1,1,1,0,1
2550,Kirk Hinrich,2003,kirk hinrich,1,1,1,1,1,1,0,1
2551,T.J. Ford,2003,t.j. ford,1,1,1,1,1,1,0,1
2552,Michael Sweetney,2003,michael sweetney,1,1,1,1,1,1,0,1
2553,Jarvis Hayes,2003,jarvis hayes,1,1,1,1,1,1,0,1
2554,Mickael Pietrus,2003,mickael pietrus,1,1,1,1,1,1,0,1
2555,Nick Collison,2003,nick collison,1,1,1,1,1,1,0,1
2556,Marcus Banks,2003,marcus banks,1,1,1,1,1,1,0,1
2557,Luke Ridnour,2003,luke ridnour,1,1,1,1,1,1,0,1
2558,Reece Gaines,2003,reece gaines,1,1,1,1,1,1,0,1
2559,Troy Bell,2003,troy bell,1,1,1,1,1,1,0,1
2560,Zarko Cabarkapa,2003,zarko cabarkapa,1,1,1,1,1,1,0,1
2561,David West,2003,david west,1,1,1,1,1,1,0,1
2562,Sasha Pavlovic,2003,sasha pavlovic,1,1,1,1,1,1,0,1
2563,Dahntay Jones,2003,dahntay jones,1,1,1,1,1,1,0,1
2564,Boris Diaw,2003,boris diaw,1,1,1,1,1,1,0,1
2565,Zoran Planinic,2003,zoran planinic,1,1,1,1,1,1,0,1
2566,Travis Outlaw,2003,travis outlaw,1,1,1,1,1,1,0,1
2567,Brian Cook,2003,brian cook,1,1,1,1,1,1,0,1
2568,Carlos Delfino,2003,carlos delfino,1,1,1,1,1,1,0,1
2569,Ndudi Ebi,2003,ndudi ebi,1,1,1,1,1,1,0,1
2570,Kendrick Perkins,2003,kendrick perkins,1,1,1,1,1,1,0,1
2571,Leandro Barbosa,2003,leandro barbosa,1,1,1,1,1,1,0,1
2572,Josh Howard,2003,josh howard,1,1,1,1,1,1,0,1
2573,Maciej Lampe,2003,maciej lampe,1,1,1,1,1,1,0,1
2574,Jason Kapono,2003,jason kapono,1,1,1,1,1,1,0,1
2575,Luke Walton,2003,luke walton,1,1,1,1,1,1,0,1
2602,Jerome Beasley,2003,jerome beasley,1,1,1,1,1,0,1,0
2577,Sofoklis Schortsanitis,2003,sofoklis schortsanitis,0,0,0,0,0,0,6,0
2578,Szymon Szewczyk,2003,szymon szewczyk,0,0,0,0,0,0,6,0
2579,Mario Austin,2003,mario austin,0,0,0,0,0,0,6,0
2580,Travis Hansen,2003,travis hansen,1,1,1,1,1,1,0,1
2581,Steve Blake,2003,steve blake,1,1,1,1,1,1,0,1
2582,Slavko Vranes,2003,slavko vranes,1,0,1,1,1,1,1,0
2583,Derrick Zimmerman,2003,derrick zimmerman,1,0,1,1,1,1,1,0
2584,Willie Green,2003,willie green,1,1,1,1,1,1,0,1
2585,Zaza Pachulia,2003,zaza pachulia,1,1,1,1,1,1,0,1
2586,Keith Bogans,2003,keith bogans,1,1,1,1,1,1,0,1
2587,Malick Badiane,2003,malick badiane,0,0,0,0,0,0,6,0
2588,Matt Bonner,2003,matt bonner,1,1,1,1,1,1,0,1
2589,Sani Becirovic,2003,sani becirovic,0,0,0,0,0,0,6,0
2590,Mo Williams,2003,mo williams,1,1,1,1,1,1,0,1
2591,James Lang,2003,james lang,1,0,1,1,1,1,1,0
2592,James Jones,2003,james jones,1,1,1,1,1,1,0,1
2593,Paccelis Morlende,2003,paccelis morlende,0,0,0,0,0,0,6,0
2594,Kyle Korver,2003,kyle korver,1,1,1,1,1,1,0,1
2595,Remon Van de Hare,2003,remon van de hare,0,0,0,0,0,0,6,0
2596,Tommy Smith,2003,tommy smith,0,0,0,0,0,0,6,0
2597,Nedzad Sinanovic,2003,nedzad sinanovic,0,0,0,0,0,0,6,0
2598,Rick Rickert,2003,rick rickert,0,0,0,0,0,0,6,0
2599,Brandon Hunter,2003,brandon hunter,0,1,0,0,0,1,4,0
2600,Xue Yuyang,2003,xue yuyang,0,0,0,0,0,0,6,0
2601,Andreas Glyniadakis,2003,andreas glyniadakis,1,0,1,1,1,1,1,0
2397,Yao Ming,2002,yao ming,1,1,1,1,1,1,0,1
2398,Jay Williams,2002,jay williams,1,1,1,1,1,1,0,1
2399,Mike Dunleavy,2002,mike dunleavy,1,1,1,1,1,1,0,1
2400,Drew Gooden,2002,drew gooden,1,1,1,1,1,1,0,1
2401,Nikoloz Tskitishvili,2002,nikoloz tskitishvili,1,1,1,1,1,1,0,1
2402,Dajuan Wagner,2002,dajuan wagner,1,1,1,1,1,1,0,1
2403,Nene,2002,nene,1,1,1,1,1,1,0,1
2404,Chris Wilcox,2002,chris wilcox,1,1,1,1,1,1,0,1
2405,Amar'e Stoudemire,2002,amar'e stoudemire,1,1,1,1,1,1,0,1
2406,Caron Butler,2002,caron butler,1,1,1,1,1,1,0,1
2407,Jared Jeffries,2002,jared jeffries,1,1,1,1,1,1,0,1
2408,Melvin Ely,2002,melvin ely,1,1,1,1,1,1,0,1
2409,Marcus Haislip,2002,marcus haislip,1,1,1,1,1,1,0,1
2410,Fred Jones,2002,fred jones,1,1,1,1,1,1,0,1
2411,Bostjan Nachbar,2002,bostjan nachbar,1,1,1,1,1,1,0,1
2412,Jiri Welsch,2002,jiri welsch,1,1,1,1,1,1,0,1
2413,Juan Dixon,2002,juan dixon,1,1,1,1,1,1,0,1
2414,Curtis Borchardt,2002,curtis borchardt,1,1,1,1,1,1,0,1
2415,Ryan Humphrey,2002,ryan humphrey,1,1,1,1,1,1,0,1
2416,Kareem Rush,2002,kareem rush,1,1,1,1,1,1,0,1
2417,Qyntel Woods,2002,qyntel woods,1,1,1,1,1,1,0,1
2418,Casey Jacobsen,2002,casey jacobsen,1,1,1,1,1,1,0,1
2419,Tayshaun Prince,2002,tayshaun prince,1,1,1,1,1,1,0,1
2420,Nenad Krstic,2002,nenad krstic,1,1,1,1,1,1,0,1
2421,Frank Williams,2002,frank williams,1,1,1,1,1,1,0,1
2422,John Salmons,2002,john salmons,1,1,1,1,1,1,0,1
2423,Chris Jefferies,2002,chris jefferies,1,1,1,1,1,1,0,1
2424,Dan Dickau,2002,dan dickau,1,1,1,1,1,1,0,1
2426,Steve Logan,2002,steve logan,0,0,0,0,0,0,6,0
2427,Roger Mason Jr.,2002,roger mason jr.,1,1,1,1,1,1,0,1
2425,Robert Archibald,2002,robert archibald,1,1,1,1,1,1,0,1
2428,Vincent Yarbrough,2002,vincent yarbrough,1,1,1,1,1,1,0,1
2429,Dan Gadzuric,2002,dan gadzuric,1,1,1,1,1,1,0,1
2430,Carlos Boozer,2002,carlos boozer,1,1,1,1,1,1,0,1
2525,Milos Vujanic,2002,milos vujanic,0,0,0,0,0,0,6,0
2431,David Andersen,2002,david andersen,0,1,0,0,0,0,5,0
2432,Tito Maddox,2002,tito maddox,1,1,1,1,1,1,0,1
2433,Rod Grizzard,2002,rod grizzard,0,0,0,0,0,0,6,0
2434,Juan Carlos Navarro,2002,juan carlos navarro,0,1,0,0,0,0,5,0
2435,Mario Kasun,2002,mario kasun,1,1,1,1,1,1,0,1
2436,Flip Murray,2002,flip murray,1,1,1,1,1,1,0,1
2438,Jason Jennings,2002,jason jennings,0,0,0,0,0,0,6,0
2437,Lonny Baxter,2002,lonny baxter,1,0,1,1,1,1,1,0
2439,Sam Clancy,2002,sam clancy,0,0,0,0,0,0,6,0
2440,Matt Barnes,2002,matt barnes,1,1,1,1,1,1,0,1
2441,Jamal Sampson,2002,jamal sampson,1,1,1,1,1,1,0,1
2442,Chris Owens,2002,chris owens,1,1,1,1,1,1,0,1
2526,Peter Fehse,2002,peter fehse,0,0,0,0,0,0,6,0
2443,Darius Songaila,2002,darius songaila,1,1,1,1,1,1,0,1
2444,Federico Kammerichs,2002,federico kammerichs,0,0,0,0,0,0,6,0
2445,Marcus Taylor,2002,marcus taylor,0,0,0,0,0,0,6,0
2446,Rasual Butler,2002,rasual butler,1,1,1,1,1,1,0,1
2447,Tamar Slay,2002,tamar slay,1,1,1,1,1,1,0,1
2448,Mladen Sekularac,2002,mladen sekularac,0,0,0,0,0,0,6,0
2449,Luis Scola,2002,luis scola,0,1,0,0,0,0,5,0
2450,Randy Holcomb,2002,randy holcomb,1,1,1,1,1,1,0,1
2451,Corsley Edwards,2002,corsley edwards,1,1,1,1,1,1,0,1
2198,Kwame Brown,2001,kwame brown,1,1,1,1,1,1,0,1
2199,Tyson Chandler,2001,tyson chandler,1,1,1,1,1,1,0,1
2200,Pau Gasol,2001,pau gasol,1,1,1,1,1,1,0,1
2201,Eddy Curry,2001,eddy curry,1,1,1,1,1,1,0,1
2202,Jason Richardson,2001,jason richardson,1,1,1,1,1,1,0,1
2203,Shane Battier,2001,shane battier,1,1,1,1,1,1,0,1
2204,Eddie Griffin,2001,eddie griffin,1,1,1,1,1,1,0,1
2205,DeSagana Diop,2001,desagana diop,1,1,1,1,1,1,0,1
2206,Rodney White,2001,rodney white,1,1,1,1,1,1,0,1
2207,Joe Johnson,2001,joe johnson,1,1,1,1,1,1,0,1
2208,Kedrick Brown,2001,kedrick brown,1,1,1,1,1,1,0,1
2209,Vladimir Radmanovic,2001,vladimir radmanovic,1,1,1,1,1,1,0,1
2210,Richard Jefferson,2001,richard jefferson,1,1,1,1,1,1,0,1
2211,Troy Murphy,2001,troy murphy,1,1,1,1,1,1,0,1
2212,Steven Hunter,2001,steven hunter,1,1,1,1,1,1,0,1
2213,Kirk Haston,2001,kirk haston,1,1,1,1,1,1,0,1
2214,Michael Bradley,2001,michael bradley,1,1,1,1,1,1,0,1
2215,Jason Collins,2001,jason collins,1,1,1,1,1,1,0,1
2216,Zach Randolph,2001,zach randolph,1,1,1,1,1,1,0,1
2217,Brendan Haywood,2001,brendan haywood,1,1,1,1,1,1,0,1
2218,Joseph Forte,2001,joseph forte,1,1,1,1,1,1,0,1
2219,Jeryl Sasser,2001,jeryl sasser,1,1,1,1,1,1,0,1
2220,Brandon Armstrong,2001,brandon armstrong,1,1,1,1,1,1,0,1
2221,Raul Lopez,2001,raul lopez,1,1,1,1,1,1,0,1
2222,Gerald Wallace,2001,gerald wallace,1,1,1,1,1,1,0,1
2223,Samuel Dalembert,2001,samuel dalembert,1,1,1,1,1,1,0,1
2224,Jamaal Tinsley,2001,jamaal tinsley,1,1,1,1,1,1,0,1
2225,Tony Parker,2001,tony parker,1,1,1,1,1,1,0,1
2239,Trenton Hassell,2001,trenton hassell,1,1,1,1,1,1,0,1
2240,Gilbert Arenas,2001,gilbert arenas,1,1,1,1,1,1,0,1
2241,Omar Cook,2001,omar cook,1,1,1,1,1,1,0,1
2226,Will Solomon,2001,will solomon,1,1,1,1,1,1,0,1
2242,Terence Morris,2001,terence morris,1,1,1,1,1,1,0,1
2243,Brian Scalabrine,2001,brian scalabrine,1,1,1,1,1,1,0,1
2244,Jeff Trepagnier,2001,jeff trepagnier,1,1,1,1,1,1,0,1
2245,Damone Brown,2001,damone brown,1,1,1,1,1,1,0,1
2246,Mehmet Okur,2001,mehmet okur,1,1,1,1,1,1,0,1
2247,Michael Wright,2001,michael wright,0,0,0,0,0,0,6,0
2248,Earl Watson,2001,earl watson,1,1,1,1,1,1,0,1
2249,Jamison Brewer,2001,jamison brewer,1,1,1,1,1,1,0,1
2250,Bobby Simmons,2001,bobby simmons,1,1,1,1,1,1,0,1
2251,Eric Chenowith,2001,eric chenowith,0,0,0,0,0,0,6,0
2252,Kyle Hill,2001,kyle hill,0,0,0,0,0,0,6,0
2253,Sean Lampley,2001,sean lampley,1,1,1,1,1,1,0,1
2254,Loren Woods,2001,loren woods,1,1,1,1,1,1,0,1
2255,Ousmane Cisse,2001,ousmane cisse,0,0,0,0,0,0,6,0
2238,Antonis Fotsis,2001,antonis fotsis,1,1,1,1,1,1,0,1
2256,Ken Johnson,2001,ken johnson,1,1,1,1,1,1,0,1
2257,Ruben Boumtje-Boumtje,2001,ruben boumtje-boumtje,1,1,1,1,1,1,0,1
2228,Alton Ford,2001,alton ford,1,1,1,1,1,1,0,1
2259,Andre Hutson,2001,andre hutson,0,0,0,0,0,0,6,0
2260,Jarron Collins,2001,jarron collins,1,1,1,1,1,1,0,1
2261,Kenny Satterfield,2001,kenny satterfield,1,1,1,1,1,1,0,1
2262,Maurice Jeffers,2001,maurice jeffers,0,0,0,0,0,0,6,0
2263,Robertas Javtokas,2001,robertas javtokas,0,0,0,0,0,0,6,0
2264,Alvin Jones,2001,alvin jones,1,1,1,1,1,1,0,1
2265,Bryan Bracey,2001,bryan bracey,0,0,0,0,0,0,6,0
2030,Kenyon Martin,2000,kenyon martin,1,1,1,1,1,1,0,1
2031,Stromile Swift,2000,stromile swift,1,1,1,1,1,1,0,1
2032,Darius Miles,2000,darius miles,1,1,1,1,1,1,0,1
2033,Marcus Fizer,2000,marcus fizer,1,1,1,1,1,1,0,1
2034,Mike Miller,2000,mike miller,1,1,1,1,1,1,0,1
2035,DerMarr Johnson,2000,dermarr johnson,1,1,1,1,1,1,0,1
2036,Chris Mihm,2000,chris mihm,1,1,1,1,1,1,0,1
2037,Jamal Crawford,2000,jamal crawford,1,1,1,1,1,1,0,1
2038,Joel Przybilla,2000,joel przybilla,1,1,1,1,1,1,0,1
2039,Keyon Dooling,2000,keyon dooling,1,1,1,1,1,1,0,1
2040,Jerome Moiso,2000,jerome moiso,1,1,1,1,1,1,0,1
2041,Etan Thomas,2000,etan thomas,1,1,1,1,1,1,0,1
2042,Courtney Alexander,2000,courtney alexander,1,1,1,1,1,1,0,1
2043,Mateen Cleaves,2000,mateen cleaves,1,1,1,1,1,0,1,0
2044,Jason Collier,2000,jason collier,1,1,1,1,1,1,0,1
2045,Hedo Turkoglu,2000,hedo turkoglu,1,1,1,1,1,1,0,1
2046,Desmond Mason,2000,desmond mason,1,1,1,1,1,1,0,1
2047,Quentin Richardson,2000,quentin richardson,1,1,1,1,1,1,0,1
2048,Jamaal Magloire,2000,jamaal magloire,1,1,1,1,1,1,0,1
2049,Speedy Claxton,2000,speedy claxton,1,1,1,1,1,1,0,1
2050,Morris Peterson,2000,morris peterson,1,1,1,1,1,1,0,1
2051,Donnell Harvey,2000,donnell harvey,1,1,1,1,1,1,0,1
2052,DeShawn Stevenson,2000,deshawn stevenson,1,1,1,1,1,1,0,1
2053,Dalibor Bagaric,2000,dalibor bagaric,1,1,1,1,1,1,0,1
2054,Jake Tsakalidis,2000,jake tsakalidis,1,1,1,1,1,1,0,1
2055,Mamadou N'diaye,2000,mamadou n'diaye,1,1,1,1,1,1,0,1
2056,Primoz Brezec,2000,primoz brezec,1,1,1,1,1,1,0,1
2057,Erick Barkley,2000,erick barkley,1,1,1,1,1,1,0,1
2058,Mark Madsen,2000,mark madsen,1,1,1,1,1,1,0,1
2060,Marko Jaric,2000,marko jaric,1,1,1,1,1,1,0,1
2061,Dan Langhi,2000,dan langhi,1,1,1,1,1,1,0,1
2062,A.J. Guyton,2000,a.j. guyton,1,1,1,1,1,1,0,1
2063,Jake Voskuhl,2000,jake voskuhl,1,1,1,1,1,1,0,1
2064,Khalid El-Amin,2000,khalid el-amin,1,1,1,1,1,1,0,1
2065,Mike Smith,2000,mike smith,1,1,1,1,1,1,0,1
2066,Soumaila Samake,2000,soumaila samake,1,1,1,1,1,1,0,1
2067,Eddie House,2000,eddie house,1,1,1,1,1,1,0,1
2059,Eduardo Najera,2000,eduardo najera,1,1,1,1,1,1,0,1
2068,Lavor Postell,2000,lavor postell,1,1,1,1,1,1,0,1
2069,Hanno Mottola,2000,hanno mottola,1,1,1,1,1,1,0,1
2070,Chris Carrawell,2000,chris carrawell,0,0,0,0,0,0,6,0
2071,Olumide Oyedeji,2000,olumide oyedeji,1,1,1,1,1,1,0,1
2072,Michael Redd,2000,michael redd,1,1,1,1,1,1,0,1
2073,Brian Cardinal,2000,brian cardinal,1,1,1,1,1,1,0,1
2074,Jabari Smith,2000,jabari smith,1,1,1,1,1,1,0,1
2075,DeeAndre Hulett,2000,deeandre hulett,0,0,0,0,0,0,6,0
2076,Josip Sesar,2000,josip sesar,0,0,0,0,0,0,6,0
2077,Mark Karcher,2000,mark karcher,0,0,0,0,0,0,6,0
2078,Jason Hart,2000,jason hart,1,1,1,1,1,0,1,0
2079,Kaniel Dickens,2000,kaniel dickens,1,0,1,1,1,0,2,0
2080,Igor Rakocevic,2000,igor rakocevic,1,1,1,1,1,0,1,0
2081,Ernest Brown,2000,ernest brown,1,1,1,1,1,1,0,1
2082,Dan McClintock,2000,dan mcclintock,1,1,1,1,1,1,0,1
2083,Cory Hightower,2000,cory hightower,0,0,0,0,0,0,6,0
2084,Chris Porter,2000,chris porter,1,1,1,1,1,1,0,1
2085,Jaquay Walls,2000,jaquay walls,0,0,0,0,0,0,6,0
2086,Scoonie Penn,2000,scoonie penn,0,0,0,0,0,0,6,0
2087,Pete Mickeal,2000,pete mickeal,0,0,0,0,0,0,6,0
1882,Elton Brand,1999,elton brand,1,1,1,1,1,1,0,1
1883,Steve Francis,1999,steve francis,1,1,1,1,1,1,0,1
1884,Baron Davis,1999,baron davis,1,1,1,1,1,1,0,1
1885,Lamar Odom,1999,lamar odom,1,1,1,1,1,1,0,1
1886,Jonathan Bender,1999,jonathan bender,1,1,1,1,1,1,0,1
1887,Wally Szczerbiak,1999,wally szczerbiak,1,1,1,1,1,1,0,1
1888,Richard Hamilton,1999,richard hamilton,1,1,1,1,1,1,0,1
1889,Andre Miller,1999,andre miller,1,1,1,1,1,1,0,1
1890,Shawn Marion,1999,shawn marion,1,1,1,1,1,1,0,1
1891,Jason Terry,1999,jason terry,1,1,1,1,1,1,0,1
1892,Trajan Langdon,1999,trajan langdon,1,1,1,1,1,1,0,1
1893,Aleksandar Radojevic,1999,aleksandar radojevic,1,0,1,1,1,1,1,0
1894,Corey Maggette,1999,corey maggette,1,1,1,1,1,1,0,1
1895,William Avery,1999,william avery,1,1,1,1,1,1,0,1
1896,Frederic Weis,1999,frederic weis,0,0,0,0,0,0,6,0
1897,Metta World Peace,1999,metta world peace,1,1,1,1,1,1,0,1
1898,Cal Bowdler,1999,cal bowdler,1,1,1,1,1,1,0,1
1899,James Posey,1999,james posey,1,1,1,1,1,1,0,1
1900,Quincy Lewis,1999,quincy lewis,1,1,1,1,1,1,0,1
1901,Dion Glover,1999,dion glover,1,1,1,1,1,1,0,1
1902,Jeff Foster,1999,jeff foster,1,1,1,1,1,1,0,1
1903,Kenny Thomas,1999,kenny thomas,1,1,1,1,1,1,0,1
1904,Devean George,1999,devean george,1,1,1,1,1,1,0,1
1905,Andrei Kirilenko,1999,andrei kirilenko,1,1,1,1,1,1,0,1
1906,Tim James,1999,tim james,1,1,1,1,1,1,0,1
1907,Vonteego Cummings,1999,vonteego cummings,1,1,1,1,1,1,0,1
1908,Jumaine Jones,1999,jumaine jones,1,1,1,1,1,1,0,1
1909,Scott Padgett,1999,scott padgett,1,1,1,1,1,1,0,1
1910,Leon Smith,1999,leon smith,1,1,1,1,1,1,0,1
1911,John Celestand,1999,john celestand,1,1,1,1,1,1,0,1
1912,Rico Hill,1999,rico hill,0,0,0,0,0,0,6,0
1913,Michael Ruffin,1999,michael ruffin,1,1,1,1,1,1,0,1
1914,Chris Herren,1999,chris herren,1,1,1,1,1,1,0,1
1915,Evan Eschmeyer,1999,evan eschmeyer,1,1,1,1,1,1,0,1
1916,Calvin Booth,1999,calvin booth,1,1,1,1,1,1,0,1
1917,Wang Zhi-zhi,1999,wang zhi-zhi,1,1,1,1,1,1,0,1
1918,Obinna Ekezie,1999,obinna ekezie,1,1,1,1,1,1,0,1
1919,Laron Profit,1999,laron profit,1,1,1,1,1,1,0,1
1920,A.J. Bramlett,1999,a.j. bramlett,1,0,1,1,1,0,2,0
1921,Gordan Giricek,1999,gordan giricek,1,1,1,1,1,1,0,1
1922,Francisco Elson,1999,francisco elson,0,1,0,0,0,0,5,0
1923,Louis Bullock,1999,louis bullock,0,0,0,0,0,0,6,0
1924,Lee Nailon,1999,lee nailon,1,1,1,1,1,1,0,1
1925,Tyrone Washington,1999,tyrone washington,0,0,0,0,0,0,6,0
1926,Ryan Robertson,1999,ryan robertson,1,0,1,1,1,1,1,0
1927,J.R. Koch,1999,j.r. koch,0,0,0,0,0,0,6,0
1928,Todd MacCulloch,1999,todd macculloch,1,1,1,1,1,1,0,1
1929,Galen Young,1999,galen young,0,0,0,0,0,0,6,0
1930,Lari Ketner,1999,lari ketner,1,1,1,1,1,1,0,1
1931,Venson Hamilton,1999,venson hamilton,0,0,0,0,0,0,6,0
1932,Antwain Smith,1999,antwain smith,0,0,0,0,0,0,6,0
1933,Roberto Bergersen,1999,roberto bergersen,0,0,0,0,0,0,6,0
1934,Rodney Buford,1999,rodney buford,1,1,1,1,1,1,0,1
1935,Melvin Levett,1999,melvin levett,0,0,0,0,0,0,6,0
1936,Kris Clack,1999,kris clack,0,0,0,0,0,0,6,0
1937,Tim Young,1999,tim young,1,1,1,1,1,1,0,1
1938,Manu Ginobili,1999,manu ginobili,1,1,1,1,1,1,0,1
1939,Eddie Lucas,1999,eddie lucas,0,0,0,0,0,0,6,0
200745,Andrea Bargnani,2006,andrea bargnani,1,1,1,1,1,1,0,1
200746,LaMarcus Aldridge,2006,lamarcus aldridge,1,1,1,1,1,1,0,1
200747,Adam Morrison,2006,adam morrison,1,1,1,1,1,1,0,1
200748,Tyrus Thomas,2006,tyrus thomas,1,1,1,1,1,1,0,1
200749,Shelden Williams,2006,shelden williams,1,1,1,1,1,1,0,1
200750,Brandon Roy,2006,brandon roy,1,1,1,1,1,1,0,1
200751,Randy Foye,2006,randy foye,1,1,1,1,1,1,0,1
200752,Rudy Gay,2006,rudy gay,1,1,1,1,1,1,0,1
200753,Patrick O'Bryant,2006,patrick o'bryant,1,1,1,1,1,1,0,1
200754,Mouhamed Sene,2006,mouhamed sene,1,1,1,1,1,1,0,1
200755,JJ Redick,2006,jj redick,1,1,1,1,1,1,0,1
200756,Hilton Armstrong,2006,hilton armstrong,1,1,1,1,1,1,0,1
200757,Thabo Sefolosha,2006,thabo sefolosha,1,1,1,1,1,1,0,1
200758,Ronnie Brewer,2006,ronnie brewer,1,1,1,1,1,1,0,1
200759,Cedric Simmons,2006,cedric simmons,1,1,1,1,1,1,0,1
200760,Rodney Carney,2006,rodney carney,1,1,1,1,1,1,0,1
200761,Shawne Williams,2006,shawne williams,1,1,1,1,1,1,0,1
200762,Oleksiy Pecherov,2006,oleksiy pecherov,1,1,1,1,1,1,0,1
200763,Quincy Douby,2006,quincy douby,1,1,1,1,1,1,0,1
200764,Renaldo Balkman,2006,renaldo balkman,1,1,1,1,1,1,0,1
200765,Rajon Rondo,2006,rajon rondo,1,1,1,1,1,1,0,1
200766,Marcus Williams,2006,marcus williams,0,0,0,0,0,1,5,0
200767,Josh Boone,2006,josh boone,1,1,1,1,1,1,0,1
200768,Kyle Lowry,2006,kyle lowry,1,1,1,1,1,1,0,1
200769,Shannon Brown,2006,shannon brown,1,1,1,1,1,1,0,1
200770,Jordan Farmar,2006,jordan farmar,1,1,1,1,1,1,0,1
200771,Sergio Rodriguez,2006,sergio rodriguez,1,1,1,1,1,1,0,1
200772,Maurice Ager,2006,maurice ager,1,1,1,1,1,1,0,1
200776,Mardy Collins,2006,mardy collins,1,1,1,1,1,1,0,1
200777,Joel Freeland,2006,joel freeland,0,1,0,0,0,0,5,0
200778,James White,2006,james white,1,1,1,1,1,1,0,1
200779,Steve Novak,2006,steve novak,1,1,1,1,1,1,0,1
200780,Solomon Jones,2006,solomon jones,1,1,1,1,1,1,0,1
200781,Paul Davis,2006,paul davis,1,1,1,1,1,1,0,1
200782,P.J. Tucker,2006,p.j. tucker,1,1,1,1,1,1,0,1
200783,Craig Smith,2006,craig smith,1,1,1,1,1,1,0,1
200784,Bobby Jones,2006,bobby jones,1,1,1,1,1,1,0,1
200785,Kosta Perovic,2006,kosta perovic,1,1,1,1,1,1,0,1
200786,David Noel,2006,david noel,1,1,1,1,1,1,0,1
200787,Denham Brown,2006,denham brown,0,0,0,0,0,0,6,0
200788,James Augustine,2006,james augustine,1,1,1,1,1,1,0,1
200789,Daniel Gibson,2006,daniel gibson,1,1,1,1,1,1,0,1
200790,Marcus Vinicius,2006,marcus vinicius,1,1,1,1,1,1,0,1
200791,Lior Eliyahu,2006,lior eliyahu,0,0,0,0,0,0,6,0
200792,Alexander Johnson,2006,alexander johnson,1,1,1,1,1,1,0,1
200793,Dee Brown,2006,dee brown,1,1,1,1,1,1,0,1
200794,Paul Millsap,2006,paul millsap,1,1,1,1,1,1,0,1
200795,Vladimir Veremeenko,2006,vladimir veremeenko,0,0,0,0,0,0,6,0
200796,Leon Powe,2006,leon powe,1,1,1,1,1,1,0,1
200797,Ryan Hollins,2006,ryan hollins,1,1,1,1,1,1,0,1
200798,Cheikh Samb,2006,cheikh samb,1,1,1,1,1,1,0,1
200799,Guillermo Diaz,2006,guillermo diaz,1,1,1,1,1,1,0,1
200800,Yotam Halperin,2006,yotam halperin,0,0,0,0,0,0,6,0
200801,Hassan Adams,2006,hassan adams,1,1,1,1,1,1,0,1
200802,Ejike Ugboaja,2006,ejike ugboaja,0,0,0,0,0,0,6,0
200803,Edin Bavcic,2006,edin bavcic,0,0,0,0,0,0,6,0
200804,Loukas Mavrokefalidis,2006,loukas mavrokefalidis,0,0,0,0,0,0,6,0
200805,JR Pinnock,2006,jr pinnock,0,0,0,0,0,0,6,0
200806,Damir Markota,2006,damir markota,1,1,1,1,1,1,0,1
200807,Will Blalock,2006,will blalock,1,1,1,1,1,1,0,1
201141,Greg Oden,2007,greg oden,1,1,1,1,1,1,0,1
201142,Kevin Durant,2007,kevin durant,1,1,1,1,1,1,0,1
201143,Al Horford,2007,al horford,1,1,1,1,1,1,0,1
201144,Mike Conley,2007,mike conley,1,1,1,1,1,1,0,1
201145,Jeff Green,2007,jeff green,1,1,1,1,1,1,0,1
201146,Yi Jianlian,2007,yi jianlian,1,1,1,1,1,1,0,1
201147,Corey Brewer,2007,corey brewer,1,1,1,1,1,1,0,1
201148,Brandan Wright,2007,brandan wright,1,1,1,1,1,1,0,1
201149,Joakim Noah,2007,joakim noah,1,1,1,1,1,1,0,1
201150,Spencer Hawes,2007,spencer hawes,1,1,1,1,1,1,0,1
201151,Acie Law,2007,acie law,1,1,1,1,1,1,0,1
201152,Thaddeus Young,2007,thaddeus young,1,0,1,1,1,1,1,0
201153,Julian Wright,2007,julian wright,1,1,1,1,1,1,0,1
201154,Al Thornton,2007,al thornton,1,1,1,1,1,1,0,1
201155,Rodney Stuckey,2007,rodney stuckey,1,1,1,1,1,1,0,1
201156,Nick Young,2007,nick young,1,1,1,1,1,1,0,1
201157,Sean Williams,2007,sean williams,1,1,1,1,1,1,0,1
201158,Marco Belinelli,2007,marco belinelli,1,1,1,1,1,1,0,1
201159,Javaris Crittenton,2007,javaris crittenton,1,1,1,1,1,1,0,1
201160,Jason Smith,2007,jason smith,1,1,1,1,1,1,0,1
201161,Daequan Cook,2007,daequan cook,1,1,1,1,1,1,0,1
201162,Jared Dudley,2007,jared dudley,1,1,1,1,1,1,0,1
201163,Wilson Chandler,2007,wilson chandler,1,1,1,1,1,1,0,1
201164,Rudy Fernandez,2007,rudy fernandez,1,1,1,1,1,1,0,1
201165,Morris Almond,2007,morris almond,1,1,1,1,1,1,0,1
201166,Aaron Brooks,2007,aaron brooks,1,1,1,1,1,1,0,1
201167,Arron Afflalo,2007,arron afflalo,1,1,1,1,1,0,1,0
201168,Tiago Splitter,2007,tiago splitter,1,1,1,1,1,1,0,1
201169,Alando Tucker,2007,alando tucker,1,1,1,1,1,1,0,1
201170,Petteri Koponen,2007,petteri koponen,0,0,0,0,0,0,6,0
201171,Carl Landry,2007,carl landry,1,1,1,1,1,1,0,1
201172,Gabe Pruitt,2007,gabe pruitt,1,1,1,1,1,1,0,1
201173,Marcus Williams,2007,marcus williams,1,1,1,1,1,1,0,1
201174,Nick Fazekas,2007,nick fazekas,1,1,1,1,1,1,0,1
201175,Glen Davis,2007,glen davis,1,1,1,1,1,1,0,1
201176,Jermareo Davidson,2007,jermareo davidson,1,1,1,1,1,1,0,1
201177,Josh McRoberts,2007,josh mcroberts,1,1,1,1,1,1,0,1
201178,Kyrylo Fesenko,2007,kyrylo fesenko,1,1,1,1,1,1,0,1
201179,Stanko Barac,2007,stanko barac,0,0,0,0,0,0,6,0
201180,Sun Sun,2007,sun sun,1,1,1,1,1,1,0,1
201181,Chris Richard,2007,chris richard,1,1,1,1,1,1,0,1
201182,Derrick Byars,2007,derrick byars,0,1,0,0,0,0,5,0
201183,Adam Haluska,2007,adam haluska,0,0,0,0,0,0,6,0
201184,Reyshawn Terry,2007,reyshawn terry,0,0,0,0,0,0,6,0
201185,Jared Jordan,2007,jared jordan,0,0,0,0,0,0,6,0
201186,Stephane Lasme,2007,stephane lasme,1,1,1,1,1,1,0,1
201187,Dominic McGuire,2007,dominic mcguire,1,1,1,1,1,1,0,1
201188,Marc Gasol,2007,marc gasol,1,1,1,1,1,1,0,1
201189,Aaron Gray,2007,aaron gray,1,1,1,1,1,1,0,1
201190,Renaldas Seibutis,2007,renaldas seibutis,0,0,0,0,0,0,6,0
201191,JamesOn Curry,2007,jameson curry,1,1,1,1,1,0,1,0
201192,Taurean Green,2007,taurean green,1,1,1,1,1,1,0,1
201193,Demetris Nichols,2007,demetris nichols,1,1,1,1,1,1,0,1
201194,Brad Newley,2007,brad newley,0,0,0,0,0,0,6,0
201195,Herbert Hill,2007,herbert hill,0,0,0,0,0,0,6,0
201196,Ramon Sessions,2007,ramon sessions,1,1,1,1,1,1,0,1
201197,Sammy Mejia,2007,sammy mejia,0,0,0,0,0,0,6,0
201198,Giorgos Printezis,2007,giorgos printezis,0,0,0,0,0,0,6,0
201199,DJ Strawberry,2007,dj strawberry,1,1,1,1,1,0,1,0
201200,Milovan Rakovic,2007,milovan rakovic,0,0,0,0,0,0,6,0
201446,Mike Taylor,2008,mike taylor,1,1,1,1,1,0,1,0
201563,Michael Beasley,2008,michael beasley,1,1,1,1,1,1,0,1
201564,O.J. Mayo,2008,o.j. mayo,1,1,1,1,1,1,0,1
201565,Derrick Rose,2008,derrick rose,1,1,1,1,1,1,0,1
201566,Russell Westbrook,2008,russell westbrook,1,1,1,1,1,1,0,1
201567,Kevin Love,2008,kevin love,1,1,1,1,1,1,0,1
201568,Danilo Gallinari,2008,danilo gallinari,1,1,1,1,1,1,0,1
201569,Eric Gordon,2008,eric gordon,1,1,1,1,1,1,0,1
201570,Joe Alexander,2008,joe alexander,1,1,1,1,1,1,0,1
201571,D.J. Augustin,2008,d.j. augustin,1,1,1,1,1,1,0,1
201572,Brook Lopez,2008,brook lopez,1,1,1,1,1,1,0,1
201573,Jerryd Bayless,2008,jerryd bayless,1,1,1,1,1,1,0,1
201574,Jason Thompson,2008,jason thompson,1,1,1,1,1,1,0,1
201575,Brandon Rush,2008,brandon rush,1,1,1,1,1,1,0,1
201576,Anthony Randolph,2008,anthony randolph,1,1,1,1,1,1,0,1
201577,Robin Lopez,2008,robin lopez,1,1,1,1,1,1,0,1
201578,Marreese Speights,2008,marreese speights,1,1,1,1,1,1,0,1
201579,Roy Hibbert,2008,roy hibbert,1,1,1,1,1,1,0,1
201580,JaVale McGee,2008,javale mcgee,1,1,1,1,1,1,0,1
201581,JJ Hickson,2008,jj hickson,1,1,1,1,1,1,0,1
201582,Alexis Ajinca,2008,alexis ajinca,1,1,1,1,1,1,0,1
201583,Ryan Anderson,2008,ryan anderson,1,1,1,1,1,1,0,1
201584,Courtney Lee,2008,courtney lee,1,1,1,1,1,1,0,1
201585,Kosta Koufos,2008,kosta koufos,1,1,1,1,1,1,0,1
201586,Serge Ibaka,2008,serge ibaka,1,1,1,1,1,1,0,1
201587,Nicolas Batum,2008,nicolas batum,1,1,1,1,1,1,0,1
201588,George Hill,2008,george hill,1,1,1,1,1,1,0,1
201589,Darrell Arthur,2008,darrell arthur,1,1,1,1,1,1,0,1
201590,Donte Greene,2008,donte greene,1,1,1,1,1,1,0,1
201591,DJ White,2008,dj white,1,1,1,1,1,1,0,1
201592,J.R. Giddens,2008,j.r. giddens,1,1,1,1,1,1,0,1
201593,Nikola Pekovic,2008,nikola pekovic,1,1,1,1,1,1,0,1
201594,Walter Sharpe,2008,walter sharpe,1,1,1,1,1,1,0,1
201595,Joey Dorsey,2008,joey dorsey,1,1,1,1,1,1,0,1
201596,Mario Chalmers,2008,mario chalmers,1,1,1,1,1,1,0,1
201599,DeAndre Jordan,2008,deandre jordan,1,1,1,1,1,1,0,1
201600,Omer Asik,2008,omer asik,1,1,1,1,1,1,0,1
201601,Luc Mbah a Moute,2008,luc mbah a moute,1,1,1,1,1,1,0,1
201602,Kyle Weaver,2008,kyle weaver,1,1,1,1,1,1,0,1
201603,Sonny Weems,2008,sonny weems,1,1,1,1,1,1,0,1
201604,Chris Douglas-Roberts,2008,chris douglas-roberts,1,1,1,1,1,1,0,1
201605,Nathan Jawai,2008,nathan jawai,1,1,1,1,1,1,0,1
201606,Sean Singletary,2008,sean singletary,1,1,1,1,1,1,0,1
201607,Patrick Ewing,2008,patrick ewing,1,1,1,1,1,1,0,1
201608,Ante Tomic,2008,ante tomic,0,0,0,0,0,0,6,0
201609,Goran Dragic,2008,goran dragic,1,1,1,1,1,1,0,1
201610,Trent Plaisted,2008,trent plaisted,0,0,0,0,0,0,6,0
201611,Henry Walker,2008,henry walker,1,1,1,1,1,1,0,1
201612,Malik Hairston,2008,malik hairston,1,1,1,1,1,1,0,1
201613,Richard Hendrix,2008,richard hendrix,0,0,0,0,0,0,6,0
201614,DeVon Hardin,2008,devon hardin,0,0,0,0,0,0,6,0
201615,Shan Foster,2008,shan foster,0,0,0,0,0,0,6,0
201616,Darnell Jackson,2008,darnell jackson,1,1,1,1,1,1,0,1
201617,Tadija Dragicevic,2008,tadija dragicevic,0,0,0,0,0,0,6,0
201618,Maarty Leunen,2008,maarty leunen,0,0,0,0,0,0,6,0
201619,Sasha Kaun,2008,sasha kaun,0,1,0,0,0,0,5,0
201620,James Gist,2008,james gist,0,0,0,0,0,0,6,0
201621,Joe Crawford,2008,joe crawford,1,1,1,1,1,1,0,1
201622,Deron Washington,2008,deron washington,0,0,0,0,0,0,6,0
201623,Semih Erden,2008,semih erden,1,1,1,1,1,1,0,1
201933,Blake Griffin,2009,blake griffin,1,1,1,1,1,1,0,1
201934,Hasheem Thabeet,2009,hasheem thabeet,1,1,1,1,1,1,0,1
201935,James Harden,2009,james harden,1,1,1,1,1,1,0,1
201936,Tyreke Evans,2009,tyreke evans,1,1,1,1,1,1,0,1
201937,Ricky Rubio,2009,ricky rubio,1,1,1,1,1,1,0,1
201938,Jonny Flynn,2009,jonny flynn,1,1,1,1,1,1,0,1
201939,Stephen Curry,2009,stephen curry,1,1,1,1,1,1,0,1
201941,Jordan Hill,2009,jordan hill,1,1,1,1,1,1,0,1
201942,DeMar DeRozan,2009,demar derozan,1,1,1,1,1,1,0,1
201943,Brandon Jennings,2009,brandon jennings,1,1,1,1,1,1,0,1
201944,Terrence Williams,2009,terrence williams,1,1,1,1,1,1,0,1
201945,Gerald Henderson,2009,gerald henderson,1,1,1,1,1,1,0,1
201946,Tyler Hansbrough,2009,tyler hansbrough,1,1,1,1,1,1,0,1
201947,Earl Clark,2009,earl clark,1,1,1,1,1,1,0,1
201948,Austin Daye,2009,austin daye,1,1,1,1,1,1,0,1
201949,James Johnson,2009,james johnson,1,1,1,1,1,1,0,1
201950,Jrue Holiday,2009,jrue holiday,1,1,1,1,1,1,0,1
201951,Ty Lawson,2009,ty lawson,1,1,1,1,1,1,0,1
201952,Jeff Teague,2009,jeff teague,1,1,1,1,1,1,0,1
201953,Eric Maynor,2009,eric maynor,1,1,1,1,1,1,0,1
201954,Darren Collison,2009,darren collison,1,1,1,1,1,1,0,1
201956,Omri Casspi,2009,omri casspi,1,1,1,1,1,1,0,1
201957,Byron Mullens,2009,byron mullens,1,1,1,1,1,1,0,1
201958,Rodrigue Beaubois,2009,rodrigue beaubois,1,1,1,1,1,1,0,1
201959,Taj Gibson,2009,taj gibson,1,1,1,1,1,1,0,1
201960,DeMarre Carroll,2009,demarre carroll,1,1,1,1,1,1,0,1
201961,Wayne Ellington,2009,wayne ellington,1,1,1,1,1,1,0,1
201962,Toney Douglas,2009,toney douglas,1,1,1,1,1,1,0,1
201963,Christian Eyenga,2009,christian eyenga,1,1,1,1,1,1,0,1
201964,Victor Claver,2009,victor claver,1,1,1,1,1,1,0,1
201965,Jeff Ayres,2009,jeff ayres,1,1,1,1,1,1,0,1
201966,Jermaine Taylor,2009,jermaine taylor,1,1,1,1,1,1,0,1
201967,Dante Cunningham,2009,dante cunningham,1,1,1,1,1,1,0,1
201968,Sergio Llull,2009,sergio llull,0,0,0,0,0,0,6,0
201969,DaJuan Summers,2009,dajuan summers,1,1,1,1,1,1,0,1
201970,Sam Young,2009,sam young,1,1,1,1,1,1,0,1
201971,DeJuan Blair,2009,dejuan blair,1,1,1,1,1,1,0,1
201972,Jon Brockman,2009,jon brockman,1,1,1,1,1,1,0,1
201973,Jonas Jerebko,2009,jonas jerebko,1,1,1,1,1,1,0,1
201974,Derrick Brown,2009,derrick brown,1,1,1,1,1,1,0,1
201975,Jodie Meeks,2009,jodie meeks,1,1,1,1,1,1,0,1
201976,Patrick Beverley,2009,patrick beverley,1,1,1,1,1,1,0,1
201977,Marcus Thornton,2009,marcus thornton,1,1,1,1,1,1,0,1
201978,Chase Budinger,2009,chase budinger,1,1,1,1,1,1,0,1
201979,Nick Calathes,2009,nick calathes,0,1,0,0,0,0,5,0
201980,Danny Green,2009,danny green,1,1,1,1,1,1,0,1
201981,Taylor Griffin,2009,taylor griffin,1,1,1,1,1,1,0,1
201982,Sergiy Gladyr,2009,sergiy gladyr,0,0,0,0,0,0,6,0
201983,Goran Suton,2009,goran suton,0,0,0,0,0,0,6,0
201984,Jack McClinton,2009,jack mcclinton,0,0,0,0,0,0,6,0
201985,AJ Price,2009,aj price,1,1,1,1,1,1,0,1
201986,Nando De Colo,2009,nando de colo,1,1,1,1,1,1,0,1
201987,Robert Vaden,2009,robert vaden,0,0,0,0,0,0,6,0
201988,Patty Mills,2009,patty mills,1,1,1,1,1,1,0,1
201989,Ahmad Nivins,2009,ahmad nivins,0,0,0,0,0,0,6,0
201990,Emir Preldzic,2009,emir preldzic,0,0,0,0,0,0,6,0
201991,Lester Hudson,2009,lester hudson,1,1,1,1,1,1,0,1
201992,Chinemelu Elonu,2009,chinemelu elonu,0,0,0,0,0,0,6,0
201993,Robert Dozier,2009,robert dozier,0,0,0,0,0,0,6,0
201994,Henk Norel,2009,henk norel,0,0,0,0,0,0,6,0
202160,Latavious Williams,2010,latavious williams,0,0,0,0,0,0,6,0
202322,John Wall,2010,john wall,1,1,1,1,1,1,0,1
202323,Evan Turner,2010,evan turner,1,1,1,1,1,1,0,1
202324,Derrick Favors,2010,derrick favors,1,1,1,1,1,1,0,1
202325,Wesley Johnson,2010,wesley johnson,1,1,1,1,1,1,0,1
202326,DeMarcus Cousins,2010,demarcus cousins,1,1,1,1,1,1,0,1
202327,Ekpe Udoh,2010,ekpe udoh,1,1,1,1,1,1,0,1
202328,Greg Monroe,2010,greg monroe,1,1,1,1,1,1,0,1
202329,Al-Farouq Aminu,2010,al-farouq aminu,1,1,1,1,1,1,0,1
202330,Gordon Hayward,2010,gordon hayward,1,1,1,1,1,1,0,1
202331,Paul George,2010,paul george,1,1,1,1,1,1,0,1
202332,Cole Aldrich,2010,cole aldrich,1,1,1,1,1,1,0,1
202333,Xavier Henry,2010,xavier henry,1,1,1,1,1,1,0,1
202334,Ed Davis,2010,ed davis,1,0,1,1,1,1,1,0
202335,Patrick Patterson,2010,patrick patterson,1,1,1,1,1,1,0,1
202336,Larry Sanders,2010,larry sanders,1,1,1,1,1,1,0,1
202337,Luke Babbitt,2010,luke babbitt,1,1,1,1,1,1,0,1
202338,Kevin Seraphin,2010,kevin seraphin,1,1,1,1,1,1,0,1
202339,Eric Bledsoe,2010,eric bledsoe,1,1,1,1,1,1,0,1
202340,Avery Bradley,2010,avery bradley,1,1,1,1,1,1,0,1
202341,James Anderson,2010,james anderson,1,1,1,1,1,1,0,1
202342,Craig Brackins,2010,craig brackins,1,1,1,1,1,1,0,1
202343,Elliot Williams,2010,elliot williams,1,1,1,1,1,1,0,1
202344,Trevor Booker,2010,trevor booker,1,1,1,1,1,1,0,1
202345,Damion James,2010,damion james,1,1,1,1,1,1,0,1
202346,Dominique Jones,2010,dominique jones,1,1,1,1,1,1,0,1
202347,Quincy Pondexter,2010,quincy pondexter,1,1,1,1,1,1,0,1
202348,Jordan Crawford,2010,jordan crawford,1,1,1,1,1,1,0,1
202349,Greivis Vasquez,2010,greivis vasquez,1,1,1,1,1,1,0,1
202350,Daniel Orton,2010,daniel orton,1,1,1,1,1,1,0,1
202351,Lazar Hayward,2010,lazar hayward,1,1,1,1,1,1,0,1
202353,Tibor Pleiss,2010,tibor pleiss,0,1,0,0,0,0,5,0
202354,Dexter Pittman,2010,dexter pittman,1,1,1,1,1,1,0,1
202355,Hassan Whiteside,2010,hassan whiteside,1,1,1,1,1,1,0,1
202356,Armon Johnson,2010,armon johnson,1,1,1,1,1,1,0,1
202357,Nemanja Bjelica,2010,nemanja bjelica,0,1,0,0,0,0,5,0
202358,Terrico White,2010,terrico white,0,0,0,0,0,0,6,0
202359,Darington Hobson,2010,darington hobson,1,0,1,1,1,1,1,0
202360,Andy Rautins,2010,andy rautins,1,1,1,1,1,1,0,1
202361,Landry Fields,2010,landry fields,1,1,1,1,1,1,0,1
202362,Lance Stephenson,2010,lance stephenson,1,1,1,1,1,1,0,1
202363,Jarvis Varnado,2010,jarvis varnado,1,1,1,1,1,1,0,1
202364,Da'Sean Butler,2010,da'sean butler,0,0,0,0,0,0,6,0
202365,Devin Ebanks,2010,devin ebanks,1,1,1,1,1,1,0,1
202366,Jerome Jordan,2010,jerome jordan,1,1,1,1,1,1,0,1
202370,Paulao Prestes,2010,paulao prestes,0,0,0,0,0,0,6,0
202371,Gani Lawal,2010,gani lawal,1,1,1,1,1,0,1,0
202372,Tiny Gallon,2010,tiny gallon,0,0,0,0,0,0,6,0
202373,Ryan Richards,2010,ryan richards,0,0,0,0,0,0,6,0
202374,Solomon Alabi,2010,solomon alabi,1,1,1,1,1,1,0,1
202375,Magnum Rolle,2010,magnum rolle,0,0,0,0,0,0,6,0
202376,Luke Harangody,2010,luke harangody,1,1,1,1,1,1,0,1
202377,Pape Sy,2010,pape sy,1,1,1,1,1,1,0,1
202378,Willie Warren,2010,willie warren,1,1,1,1,1,1,0,1
202379,Jeremy Evans,2010,jeremy evans,1,1,1,1,1,1,0,1
202380,Hamady Ndiaye,2010,hamady ndiaye,1,1,1,1,1,1,0,1
202382,Derrick Caracter,2010,derrick caracter,1,1,1,1,1,1,0,1
202383,Stanley Robinson,2010,stanley robinson,0,0,0,0,0,0,6,0
202384,Dwayne Collins,2010,dwayne collins,0,0,0,0,0,0,6,0
202385,Ryan Reid,2010,ryan reid,1,0,1,1,1,1,1,0
202624,Chukwudiebere Maduabum,2011,chukwudiebere maduabum,0,0,0,0,0,0,6,0
202681,Kyrie Irving,2011,kyrie irving,1,1,1,1,1,1,0,1
202682,Derrick Williams,2011,derrick williams,1,1,1,1,1,1,0,1
202683,Enes Freedom,2011,enes freedom,1,1,1,1,1,1,0,1
202684,Tristan Thompson,2011,tristan thompson,1,1,1,1,1,1,0,1
202685,Jonas Valančiūnas,2011,jonas valančiūnas,1,1,1,1,1,1,0,1
202686,Jan Vesely,2011,jan vesely,1,1,1,1,1,1,0,1
202687,Bismack Biyombo,2011,bismack biyombo,1,1,1,1,1,1,0,1
202688,Brandon Knight,2011,brandon knight,1,1,1,1,1,1,0,1
202689,Kemba Walker,2011,kemba walker,1,1,1,1,1,1,0,1
202690,Jimmer Fredette,2011,jimmer fredette,1,1,1,1,1,1,0,1
202691,Klay Thompson,2011,klay thompson,1,1,1,1,1,1,0,1
202692,Alec Burks,2011,alec burks,1,1,1,1,1,1,0,1
202693,Markieff Morris,2011,markieff morris,1,1,1,1,1,1,0,1
202694,Marcus Morris Sr.,2011,marcus morris sr.,1,1,1,1,1,1,0,1
202695,Kawhi Leonard,2011,kawhi leonard,1,1,1,1,1,1,0,1
202696,Nikola Vučević,2011,nikola vučević,1,1,1,1,1,1,0,1
202697,Iman Shumpert,2011,iman shumpert,1,1,1,1,1,1,0,1
202698,Chris Singleton,2011,chris singleton,1,1,1,1,1,1,0,1
202699,Tobias Harris,2011,tobias harris,1,1,1,1,1,1,0,1
202700,Donatas Motiejunas,2011,donatas motiejunas,1,1,1,1,1,1,0,1
202701,Nolan Smith,2011,nolan smith,1,1,1,1,1,1,0,1
202702,Kenneth Faried,2011,kenneth faried,1,1,1,1,1,1,0,1
202703,Nikola Mirotic,2011,nikola mirotic,1,1,1,1,1,1,0,1
202704,Reggie Jackson,2011,reggie jackson,1,1,1,1,1,1,0,1
202705,MarShon Brooks,2011,marshon brooks,1,1,1,1,1,1,0,1
202706,Jordan Hamilton,2011,jordan hamilton,1,1,1,1,1,1,0,1
202707,JaJuan Johnson,2011,jajuan johnson,1,1,1,1,1,1,0,1
202708,Norris Cole,2011,norris cole,1,1,1,1,1,1,0,1
202709,Cory Joseph,2011,cory joseph,1,1,1,1,1,1,0,1
202710,Jimmy Butler III,2011,jimmy butler iii,1,1,1,1,1,1,0,1
202711,Bojan Bogdanovic,2011,bojan bogdanovic,1,1,1,1,1,1,0,1
202712,Justin Harper,2011,justin harper,1,1,1,1,1,1,0,1
202713,Kyle Singler,2011,kyle singler,1,1,1,1,1,1,0,1
202714,Shelvin Mack,2011,shelvin mack,1,1,1,1,1,1,0,1
202715,Tyler Honeycutt,2011,tyler honeycutt,1,1,1,1,1,1,0,1
202716,Jordan Williams,2011,jordan williams,1,1,1,1,1,1,0,1
202717,Trey Thompkins,2011,trey thompkins,1,1,1,1,1,1,0,1
202718,Chandler Parsons,2011,chandler parsons,1,1,1,1,1,1,0,1
202719,Jeremy Tyler,2011,jeremy tyler,1,1,1,1,1,1,0,1
202720,Jon Leuer,2011,jon leuer,1,1,1,1,1,1,0,1
202721,Darius Morris,2011,darius morris,1,1,1,1,1,1,0,1
202722,Davis Bertans,2011,davis bertans,0,1,0,0,0,0,5,0
202723,Malcolm Lee,2011,malcolm lee,1,1,1,1,1,1,0,1
202724,Charles Jenkins,2011,charles jenkins,1,1,1,1,1,1,0,1
202725,Josh Harrellson,2011,josh harrellson,1,1,1,1,1,1,0,1
202726,Andrew Goudelock,2011,andrew goudelock,1,1,1,1,1,1,0,1
202727,Travis Leslie,2011,travis leslie,1,1,1,1,1,1,0,1
202728,Keith Benson,2011,keith benson,1,0,1,1,1,1,1,0
202729,Josh Selby,2011,josh selby,1,1,1,1,1,1,0,1
202730,Lavoy Allen,2011,lavoy allen,1,1,1,1,1,1,0,1
202731,Vernon Macklin,2011,vernon macklin,1,1,1,1,1,1,0,1
202732,DeAndre Liggins,2011,deandre liggins,1,1,1,1,1,1,0,1
202733,MIlan Macvan,2011,milan macvan,0,0,0,0,0,0,6,0
202734,E'Twaun Moore,2011,e'twaun moore,1,1,1,1,1,1,0,1
202735,Tanguy Ngombo,2011,tanguy ngombo,0,0,0,0,0,0,6,0
202736,Ater Majok,2011,ater majok,0,0,0,0,0,0,6,0
202737,Adam Hanga,2011,adam hanga,0,0,0,0,0,0,6,0
202738,Isaiah Thomas,2011,isaiah thomas,1,1,1,1,1,1,0,1
202739,Jon Diebler,2011,jon diebler,0,0,0,0,0,0,6,0
203076,Anthony Davis,2012,anthony davis,1,1,1,1,1,1,0,1
203077,Michael Kidd-Gilchrist,2012,michael kidd-gilchrist,1,1,1,1,1,1,0,1
203078,Bradley Beal,2012,bradley beal,1,1,1,1,1,1,0,1
203079,Dion Waiters,2012,dion waiters,1,1,1,1,1,1,0,1
203080,Thomas Robinson,2012,thomas robinson,1,1,1,1,1,1,0,1
203081,Damian Lillard,2012,damian lillard,1,1,1,1,1,1,0,1
203082,Terrence Ross,2012,terrence ross,1,1,1,1,1,1,0,1
203083,Andre Drummond,2012,andre drummond,1,1,1,1,1,1,0,1
203084,Harrison Barnes,2012,harrison barnes,1,1,1,1,1,1,0,1
203085,Austin Rivers,2012,austin rivers,1,1,1,1,1,1,0,1
203086,Meyers Leonard,2012,meyers leonard,1,1,1,1,1,1,0,1
203087,Jeremy Lamb,2012,jeremy lamb,1,1,1,1,1,1,0,1
203088,Kendall Marshall,2012,kendall marshall,1,1,1,1,1,1,0,1
203089,John Henson,2012,john henson,1,1,1,1,1,1,0,1
203090,Maurice Harkless,2012,maurice harkless,1,1,1,1,1,1,0,1
203091,Royce White,2012,royce white,1,1,1,1,1,1,0,1
203092,Tyler Zeller,2012,tyler zeller,1,1,1,1,1,1,0,1
203093,Terrence Jones,2012,terrence jones,1,1,1,1,1,1,0,1
203094,Andrew Nicholson,2012,andrew nicholson,1,1,1,1,1,1,0,1
203095,Evan Fournier,2012,evan fournier,1,1,1,1,1,1,0,1
203096,Jared Sullinger,2012,jared sullinger,1,1,1,1,1,0,1,0
203097,Fab Melo,2012,fab melo,1,1,1,1,1,0,1,0
203098,John Jenkins,2012,john jenkins,1,1,1,1,1,1,0,1
203099,Jared Cunningham,2012,jared cunningham,1,1,1,1,1,1,0,1
203100,Tony Wroten,2012,tony wroten,1,1,1,1,1,1,0,1
203101,Miles Plumlee,2012,miles plumlee,1,1,1,1,1,1,0,1
203102,Arnett Moultrie,2012,arnett moultrie,1,1,1,1,1,1,0,1
203103,Perry Jones III,2012,perry jones iii,1,1,1,1,1,1,0,1
203104,Marquis Teague,2012,marquis teague,1,1,1,1,1,1,0,1
203105,Festus Ezeli,2012,festus ezeli,1,1,1,1,1,1,0,1
203106,Jeffery Taylor,2012,jeffery taylor,1,1,1,1,1,1,0,1
203107,Tomas Satoransky,2012,tomas satoransky,0,1,0,0,0,0,5,0
203108,Bernard James,2012,bernard james,1,1,1,1,1,1,0,1
203109,Jae Crowder,2012,jae crowder,1,1,1,1,1,1,0,1
203110,Draymond Green,2012,draymond green,1,1,1,1,1,1,0,1
203111,Orlando Johnson,2012,orlando johnson,1,1,1,1,1,1,0,1
203112,Quincy Acy,2012,quincy acy,1,1,1,1,1,1,0,1
203113,Quincy Miller,2012,quincy miller,1,1,1,1,1,1,0,1
203114,Khris Middleton,2012,khris middleton,1,1,1,1,1,1,0,1
203115,Will Barton,2012,will barton,1,1,1,1,1,1,0,1
203116,Tyshawn Taylor,2012,tyshawn taylor,1,1,1,1,1,1,0,1
203117,Doron Lamb,2012,doron lamb,1,1,1,1,1,1,0,1
203118,Mike Scott,2012,mike scott,1,1,1,1,1,1,0,1
203119,Kim English,2012,kim english,1,1,1,1,1,1,0,1
203120,Justin Hamilton,2012,justin hamilton,1,1,1,1,1,1,0,1
203121,Darius Miller,2012,darius miller,1,1,1,1,1,1,0,1
203122,Kevin Murphy,2012,kevin murphy,1,1,1,1,1,1,0,1
203123,Kostas Papanikolaou,2012,kostas papanikolaou,1,1,1,1,1,1,0,1
203124,Kyle O'Quinn,2012,kyle o'quinn,1,1,1,1,1,1,0,1
203125,Izzet Turkyilmaz,2012,izzet turkyilmaz,0,0,0,0,0,0,6,0
203126,Kris Joseph,2012,kris joseph,1,1,1,1,1,1,0,1
203128,Furkan Aldemir,2012,furkan aldemir,1,1,1,1,1,1,0,1
203129,Tornike Shengelia,2012,tornike shengelia,1,1,1,1,1,0,1,0
203130,Darius Johnson-Odom,2012,darius johnson-odom,1,0,1,1,1,0,2,0
203131,Tomislav Zubcic,2012,tomislav zubcic,0,0,0,0,0,0,6,0
203132,Ilkan Karaman,2012,ilkan karaman,0,0,0,0,0,0,6,0
203133,Robbie Hummel,2012,robbie hummel,1,1,1,1,1,0,1,0
203134,Marcus Denmon,2012,marcus denmon,0,0,0,0,0,0,6,0
203135,Robert Sacre,2012,robert sacre,1,1,1,1,1,1,0,1
203136,Ognjen Kuzmic,2012,ognjen kuzmic,1,1,1,1,1,1,0,1
203318,Glen Rice,2013,glen rice,1,1,1,1,1,1,0,1
203457,Nerlens Noel,2013,nerlens noel,1,1,1,1,1,1,0,1
203458,Alex Len,2013,alex len,1,1,1,1,1,1,0,1
203459,Allen Crabbe,2013,allen crabbe,1,1,1,1,1,1,0,1
203460,Andre Roberson,2013,andre roberson,1,1,1,1,1,1,0,1
203461,Anthony Bennett,2013,anthony bennett,1,1,1,1,1,1,0,1
203462,Archie Goodwin,2013,archie goodwin,1,1,1,1,1,1,0,1
203463,Ben McLemore,2013,ben mclemore,1,1,1,1,1,1,0,1
203467,Carrick Felix,2013,carrick felix,1,1,1,1,1,1,0,1
203468,CJ McCollum,2013,cj mccollum,1,1,1,1,1,1,0,1
203469,Cody Zeller,2013,cody zeller,1,1,1,1,1,1,0,1
203470,Colton Iverson,2013,colton iverson,0,0,0,0,0,0,6,0
203471,Dennis Schröder,2013,dennis schröder,1,1,1,1,1,1,0,1
203472,Deshaun Thomas,2013,deshaun thomas,0,0,0,0,0,0,6,0
203475,Erick Green,2013,erick green,1,1,1,1,1,1,0,1
203476,Gorgui Dieng,2013,gorgui dieng,1,1,1,1,1,1,0,1
203477,Isaiah Canaan,2013,isaiah canaan,1,1,1,1,1,1,0,1
203479,Jamaal Franklin,2013,jamaal franklin,1,1,1,1,1,1,0,1
203481,Jeff Withey,2013,jeff withey,1,1,1,1,1,1,0,1
203482,Kelly Olynyk,2013,kelly olynyk,1,1,1,1,1,1,0,1
203484,Kentavious Caldwell-Pope,2013,kentavious caldwell-pope,1,1,1,1,1,1,0,1
203485,Lorenzo Brown,2013,lorenzo brown,1,1,1,1,1,1,0,1
203486,Mason Plumlee,2013,mason plumlee,1,1,1,1,1,1,0,1
203487,Michael Carter-Williams,2013,michael carter-williams,1,1,1,1,1,1,0,1
203488,Mike Muscala,2013,mike muscala,1,1,1,1,1,1,0,1
203489,Nate Wolters,2013,nate wolters,1,1,1,1,1,1,0,1
203490,Otto Porter Jr.,2013,otto porter jr.,1,1,1,1,1,1,0,1
203491,Peyton Siva,2013,peyton siva,1,1,1,1,1,1,0,1
203492,Ray McCallum,2013,ray mccallum,1,1,1,1,1,1,0,1
203493,Reggie Bullock Jr.,2013,reggie bullock jr.,1,1,1,1,1,1,0,1
203495,Ricky Ledo,2013,ricky ledo,1,1,1,1,1,1,0,1
203497,Rudy Gobert,2013,rudy gobert,1,0,1,1,1,1,1,0
203498,Shabazz Muhammad,2013,shabazz muhammad,1,1,1,1,1,1,0,1
203499,Shane Larkin,2013,shane larkin,1,1,1,1,1,1,0,1
203500,Steven Adams,2013,steven adams,1,1,1,1,1,1,0,1
203501,Tim Hardaway Jr.,2013,tim hardaway jr.,1,1,1,1,1,1,0,1
203502,Tony Mitchell,2013,tony mitchell,1,1,1,1,1,1,0,1
203503,Tony Snell,2013,tony snell,1,1,1,1,1,1,0,1
203504,Trey Burke,2013,trey burke,1,1,1,1,1,1,0,1
203506,Victor Oladipo,2013,victor oladipo,1,1,1,1,1,1,0,1
203507,Giannis Antetokounmpo,2013,giannis antetokounmpo,1,1,1,1,1,1,0,1
203508,Sergey Karasev,2013,sergey karasev,1,1,1,1,1,1,0,1
203510,Pierre Jackson,2013,pierre jackson,1,0,1,1,1,1,1,0
203511,Grant Jerrett,2013,grant jerrett,1,1,1,1,1,1,0,1
203512,Lucas Nogueira,2013,lucas nogueira,1,1,1,1,1,1,0,1
203513,Erik Murphy,2013,erik murphy,1,1,1,1,1,1,0,1
203516,James Ennis III,2013,james ennis iii,1,1,1,1,1,1,0,1
203517,Nemanja Nedovic,2013,nemanja nedovic,1,1,1,1,1,1,0,1
203518,Alex Abrines,2013,alex abrines,1,1,1,1,1,1,0,1
203520,Livio Jean-Charles,2013,livio jean-charles,0,0,0,0,0,0,6,0
203524,Solomon Hill,2013,solomon hill,1,1,1,1,1,1,0,1
203525,Marko Todorovic,2013,marko todorovic,0,0,0,0,0,0,6,0
203526,Raul Neto,2013,raul neto,1,1,1,1,1,1,0,1
203527,Ryan Kelly,2013,ryan kelly,1,1,1,1,1,1,0,1
203528,Romero Osby,2013,romero osby,0,0,0,0,0,0,6,0
203529,Arsalan Kazemi,2013,arsalan kazemi,0,0,0,0,0,0,6,0
203530,Joffrey Lauvergne,2013,joffrey lauvergne,1,1,1,1,1,1,0,1
203531,Alex Oriakhi,2013,alex oriakhi,0,0,0,0,0,0,6,0
203532,Bojan Dubljevic,2013,bojan dubljevic,0,0,0,0,0,0,6,0
203533,Janis Timma,2013,janis timma,0,0,0,0,0,0,6,0
203648,Thanasis Antetokounmpo,2014,thanasis antetokounmpo,1,1,1,1,1,1,0,1
203798,PJ Hairston,2014,pj hairston,1,1,1,1,1,1,0,1
203893,Russ Smith,2014,russ smith,1,1,1,1,1,1,0,1
203894,Shabazz Napier,2014,shabazz napier,1,1,1,1,1,1,0,1
203895,Jordan McRae,2014,jordan mcrae,1,1,1,1,1,1,0,1
203897,Zach LaVine,2014,zach lavine,1,1,1,1,1,1,0,1
203898,Tyler Ennis,2014,tyler ennis,1,1,1,1,1,1,0,1
203900,Markel Brown,2014,markel brown,1,1,1,1,1,1,0,1
203901,Elfrid Payton,2014,elfrid payton,1,1,1,1,1,1,0,1
203902,Semaj Christon,2014,semaj christon,1,1,1,1,1,1,0,1
203903,Jordan Clarkson,2014,jordan clarkson,1,1,1,1,1,1,0,1
203904,Xavier Thames,2014,xavier thames,0,0,0,0,0,0,6,0
203906,Devyn Marble,2014,devyn marble,1,1,1,1,1,1,0,1
203908,DeAndre Daniels,2014,deandre daniels,0,0,0,0,0,0,6,0
203909,KJ McDaniels,2014,kj mcdaniels,1,1,1,1,1,1,0,1
203910,Nick Johnson,2014,nick johnson,1,1,1,1,1,1,0,1
203912,C.J. Wilcox,2014,c.j. wilcox,1,1,1,1,1,1,0,1
203914,Gary Harris,2014,gary harris,1,1,1,1,1,1,0,1
203915,Spencer Dinwiddie,2014,spencer dinwiddie,1,1,1,1,1,1,0,1
203917,Nik Stauskas,2014,nik stauskas,1,1,1,1,1,1,0,1
203918,Rodney Hood,2014,rodney hood,1,1,1,1,1,1,0,1
203919,Jordan Adams,2014,jordan adams,1,1,1,1,1,1,0,1
203921,Cleanthony Early,2014,cleanthony early,1,1,1,1,1,1,0,1
203922,Glenn Robinson III,2014,glenn robinson iii,1,1,1,1,1,1,0,1
203923,James Young,2014,james young,1,1,1,1,1,1,0,1
203924,Jerami Grant,2014,jerami grant,1,1,1,1,1,1,0,1
203925,Joe Harris,2014,joe harris,1,1,1,1,1,1,0,1
203926,Doug McDermott,2014,doug mcdermott,1,1,1,1,1,1,0,1
203928,Cory Jefferson,2014,cory jefferson,1,1,1,1,1,1,0,1
203932,Aaron Gordon,2014,aaron gordon,1,1,1,1,1,1,0,1
203933,T.J. Warren,2014,t.j. warren,1,1,1,1,1,1,0,1
203934,Lamar Patterson,2014,lamar patterson,1,1,1,1,1,1,0,1
203935,Marcus Smart,2014,marcus smart,1,1,1,1,1,1,0,1
203937,Kyle Anderson,2014,kyle anderson,1,1,1,1,1,1,0,1
203938,Alec Brown,2014,alec brown,0,0,0,0,0,0,6,0
203939,Dwight Powell,2014,dwight powell,1,1,1,1,1,1,0,1
203940,Adreian Payne,2014,adreian payne,1,1,1,1,1,1,0,1
203943,Noah Vonleh,2014,noah vonleh,1,1,1,1,1,1,0,1
203944,Julius Randle,2014,julius randle,1,1,1,1,1,1,0,1
203946,Cameron Bairstow,2014,cameron bairstow,1,1,1,1,1,1,0,1
203948,Johnny O'Bryant III,2014,johnny o'bryant iii,1,1,1,1,1,1,0,1
203950,Jarnell Stokes,2014,jarnell stokes,1,1,1,1,1,1,0,1
203952,Andrew Wiggins,2014,andrew wiggins,1,1,1,1,1,1,0,1
203953,Jabari Parker,2014,jabari parker,1,1,1,1,1,1,0,1
203954,Joel Embiid,2014,joel embiid,1,1,1,1,1,1,0,1
203956,Mitch McGary,2014,mitch mcgary,1,1,1,1,1,1,0,1
203957,Dante Exum,2014,dante exum,1,1,1,1,1,1,0,1
203962,Josh Huestis,2014,josh huestis,1,1,1,1,1,1,0,1
203967,Dario Saric,2014,dario saric,1,1,1,1,1,1,0,1
203991,Clint Capela,2014,clint capela,1,1,1,1,1,1,0,1
203992,Bogdan Bogdanović,2014,bogdan bogdanović,1,1,1,1,1,1,0,1
203993,Alessandro Gentile,2014,alessandro gentile,0,0,0,0,0,0,6,0
203994,Jusuf Nurkić,2014,jusuf nurkić,1,1,1,1,1,1,0,1
203995,Vasilije Micic,2014,vasilije micic,0,1,0,0,0,0,5,0
203996,Damien Inglis,2014,damien inglis,1,1,1,1,1,1,0,1
203998,Bruno Caboclo,2014,bruno caboclo,1,1,1,1,1,1,0,1
203999,Nikola Jokić,2014,nikola jokić,1,1,1,1,1,1,0,1
204002,Edy Tavares,2014,edy tavares,1,1,1,1,1,1,0,1
204009,Nemanja Dangubic,2014,nemanja dangubic,0,0,0,0,0,0,6,0
204010,Louis Labeyrie,2014,louis labeyrie,0,0,0,0,0,0,6,0
204001,Kristaps Porziņģis,2015,kristaps porziņģis,1,1,1,1,1,1,0,1
1626143,Jahlil Okafor,2015,jahlil okafor,1,1,1,1,1,1,0,1
1626144,Emmanuel Mudiay,2015,emmanuel mudiay,1,1,1,1,1,1,0,1
1626145,Tyus Jones,2015,tyus jones,1,1,1,1,1,1,0,1
1626147,Justin Anderson,2015,justin anderson,1,1,1,1,1,1,0,1
1626148,Anthony Brown,2015,anthony brown,1,1,1,1,1,1,0,1
1626149,Montrezl Harrell,2015,montrezl harrell,1,1,1,1,1,1,0,1
1626150,Andrew Harrison,2015,andrew harrison,1,1,1,1,1,1,0,1
1626152,Olivier Hanlan,2015,olivier hanlan,0,0,0,0,0,0,6,0
1626153,Delon Wright,2015,delon wright,1,1,1,1,1,1,0,1
1626154,RJ Hunter,2015,rj hunter,1,1,1,1,1,1,0,1
1626155,Sam Dekker,2015,sam dekker,1,1,1,1,1,1,0,1
1626156,D'Angelo Russell,2015,d'angelo russell,1,1,1,1,1,1,0,1
1626157,Karl-Anthony Towns,2015,karl-anthony towns,1,1,1,1,1,1,0,1
1626158,Richaun Holmes,2015,richaun holmes,1,1,1,1,1,1,0,1
1626159,Justise Winslow,2015,justise winslow,1,1,1,1,1,1,0,1
1626160,JP Tokoto,2015,jp tokoto,0,0,0,0,0,0,6,0
1626161,Willie Cauley-Stein,2015,willie cauley-stein,1,1,1,1,1,1,0,1
1626162,Kelly Oubre Jr.,2015,kelly oubre jr.,1,1,1,1,1,1,0,1
1626163,Frank Kaminsky,2015,frank kaminsky,1,1,1,1,1,1,0,1
1626164,Devin Booker,2015,devin booker,1,1,1,1,1,1,0,1
1626166,Cameron Payne,2015,cameron payne,1,1,1,1,1,1,0,1
1626167,Myles Turner,2015,myles turner,1,1,1,1,1,1,0,1
1626168,Trey Lyles,2015,trey lyles,1,1,1,1,1,1,0,1
1626169,Stanley Johnson,2015,stanley johnson,1,1,1,1,1,1,0,1
1626170,Jerian Grant,2015,jerian grant,1,1,1,1,1,1,0,1
1626171,Bobby Portis,2015,bobby portis,1,1,1,1,1,1,0,1
1626172,Kevon Looney,2015,kevon looney,0,1,0,0,0,1,4,0
1626173,Rashad Vaughn,2015,rashad vaughn,1,1,1,1,1,1,0,1
1626175,Jordan Mickey,2015,jordan mickey,1,1,1,1,1,1,0,1
1626176,Rakeem Christmas,2015,rakeem christmas,1,1,1,1,1,0,1,0
1626177,Dakari Johnson,2015,dakari johnson,1,1,1,1,1,0,1,0
1626178,Rondae Hollis-Jefferson,2015,rondae hollis-jefferson,1,1,1,1,1,1,0,1
1626179,Terry Rozier,2015,terry rozier,1,1,1,1,1,1,0,1
1626181,Norman Powell,2015,norman powell,1,1,1,1,1,1,0,1
1626183,Branden Dawson,2015,branden dawson,1,1,1,1,1,1,0,1
1626185,Jarell Martin,2015,jarell martin,1,1,1,1,1,1,0,1
1626191,Chris McCullough,2015,chris mccullough,1,1,1,1,1,1,0,1
1626192,Pat Connaughton,2015,pat connaughton,1,1,1,1,1,1,0,1
1626194,Marcus Thornton,2015,marcus thornton,0,0,0,0,0,0,6,0
1626195,Willy Hernangomez,2015,willy hernangomez,1,1,1,1,1,1,0,1
1626196,Josh Richardson,2015,josh richardson,0,1,0,0,0,1,4,0
1626199,Darrun Hilliard,2015,darrun hilliard,1,1,1,1,1,1,0,1
1626202,Joe Young,2015,joe young,1,1,1,1,1,1,0,1
1626204,Larry Nance Jr.,2015,larry nance jr.,1,1,1,1,1,1,0,1
1626206,Aaron White,2015,aaron white,0,0,0,0,0,0,6,0
1626209,Mario Hezonja,2015,mario hezonja,1,1,1,1,1,1,0,1
1626215,Cady Lalanne,2015,cady lalanne,0,0,0,0,0,0,6,0
1626218,Sir'Dominic Pointer,2015,sir'dominic pointer,0,0,0,0,0,0,6,0
1626221,Nikola Milutinov,2015,nikola milutinov,0,0,0,0,0,0,6,0
1626222,Arturas Gudaitis,2015,arturas gudaitis,0,0,0,0,0,0,6,0
1626224,Cedi Osman,2015,cedi osman,1,1,1,1,1,1,0,1
1626225,Juan Pablo Vaulet,2015,juan pablo vaulet,0,0,0,0,0,0,6,0
1626226,Marcus Eriksson,2015,marcus eriksson,0,0,0,0,0,0,6,0
1626227,Tyler Harvey,2015,tyler harvey,0,0,0,0,0,0,6,0
1626228,Satnam Singh,2015,satnam singh,0,0,0,0,0,0,6,0
1626229,Daniel Diez,2015,daniel diez,0,0,0,0,0,0,6,0
1626230,Nikola Radicevic,2015,nikola radicevic,0,0,0,0,0,0,6,0
1626231,Dimitrios Agravanis,2015,dimitrios agravanis,0,0,0,0,0,0,6,0
1626232,Luka Mitrovic,2015,luka mitrovic,0,0,0,0,0,0,6,0
1627732,Ben Simmons,2016,ben simmons,1,1,1,1,1,1,0,1
1627733,Dragan Bender,2016,dragan bender,1,1,1,1,1,1,0,1
1627734,Domantas Sabonis,2016,domantas sabonis,1,1,1,1,1,0,1,0
1627735,Wade Baldwin IV,2016,wade baldwin iv,1,1,1,1,1,0,1,0
1627736,Malik Beasley,2016,malik beasley,1,1,1,1,1,0,1,0
1627737,Marquese Chriss,2016,marquese chriss,1,1,1,1,1,0,1,0
1627738,Deyonta Davis,2016,deyonta davis,1,1,1,1,1,1,0,1
1627739,Kris Dunn,2016,kris dunn,1,1,1,1,1,1,0,1
1627740,Henry Ellenson,2016,henry ellenson,1,1,1,1,1,1,0,1
1627741,Buddy Hield,2016,buddy hield,1,1,1,1,1,1,0,1
1627742,Brandon Ingram,2016,brandon ingram,1,1,1,1,1,1,0,1
1627743,Demetrius Jackson,2016,demetrius jackson,1,1,1,1,1,1,0,1
1627744,Brice Johnson,2016,brice johnson,1,1,1,1,1,1,0,1
1627745,Damian Jones,2016,damian jones,1,1,1,1,1,1,0,1
1627746,Skal Labissiere,2016,skal labissiere,1,1,1,1,1,1,0,1
1627747,Caris LeVert,2016,caris levert,1,1,1,1,1,1,0,1
1627748,Thon Maker,2016,thon maker,1,1,1,1,1,1,0,1
1627749,Dejounte Murray,2016,dejounte murray,1,1,1,1,1,1,0,1
1627750,Jamal Murray,2016,jamal murray,1,1,1,1,1,1,0,1
1627751,Jakob Poeltl,2016,jakob poeltl,1,1,1,1,1,1,0,1
1627752,Taurean Prince,2016,taurean prince,1,1,1,1,1,1,0,1
1627753,Zhou Qi,2016,zhou qi,1,1,1,1,1,1,0,1
1627754,Diamond Stone,2016,diamond stone,1,1,1,1,1,1,0,1
1627755,Tyler Ulis,2016,tyler ulis,1,1,1,1,1,1,0,1
1627756,Denzel Valentine,2016,denzel valentine,1,1,1,1,1,1,0,1
1627757,Stephen Zimmerman,2016,stephen zimmerman,1,1,1,1,1,1,0,1
1627759,Jaylen Brown,2016,jaylen brown,1,1,1,1,1,1,0,1
1627761,DeAndre' Bembry,2016,deandre' bembry,1,1,1,1,1,1,0,1
1627762,Joel Bolomboy,2016,joel bolomboy,1,1,1,1,1,1,0,1
1627763,Malcolm Brogdon,2016,malcolm brogdon,1,1,1,1,1,1,0,1
1627766,Isaiah Cousins,2016,isaiah cousins,0,0,0,0,0,0,6,0
1627767,Cheick Diallo,2016,cheick diallo,1,1,1,1,1,1,0,1
1627770,Kay Felder,2016,kay felder,1,1,1,1,1,1,0,1
1627771,Michael Gbinije,2016,michael gbinije,1,1,1,1,1,1,0,1
1627772,Daniel Hamilton,2016,daniel hamilton,1,1,1,1,1,1,0,1
1627773,AJ Hammons,2016,aj hammons,1,1,1,1,1,1,0,1
1627774,Jake Layman,2016,jake layman,1,1,1,1,1,1,0,1
1627775,Patrick McCaw,2016,patrick mccaw,1,1,1,1,1,1,0,1
1627777,Georges Niang,2016,georges niang,1,1,1,1,1,1,0,1
1627778,Chinanu Onuaku,2016,chinanu onuaku,1,1,1,1,1,1,0,1
1627779,Marcus Paige,2016,marcus paige,1,1,1,1,1,1,0,1
1627781,Malachi Richardson,2016,malachi richardson,1,1,1,1,1,1,0,1
1627783,Pascal Siakam,2016,pascal siakam,1,1,1,1,1,1,0,1
1627785,Isaiah Whitehead,2016,isaiah whitehead,1,1,1,1,1,1,0,1
1627788,Furkan Korkmaz,2016,furkan korkmaz,1,1,1,1,1,1,0,1
1627789,Timothe Luwawu-Cabarrot,2016,timothe luwawu-cabarrot,1,1,1,1,1,1,0,1
1627790,Ante Zizic,2016,ante zizic,1,1,1,1,1,1,0,1
1627791,Ben Bentil,2016,ben bentil,1,0,1,1,1,1,1,0
1627820,Tyrone Wallace,2016,tyrone wallace,1,1,1,1,1,1,0,1
1627822,Petr Cornelie,2016,petr cornelie,0,0,0,0,0,0,6,0
1627823,Juancho Hernangomez,2016,juancho hernangomez,1,1,1,1,1,1,0,1
1627824,Guerschon Yabusele,2016,guerschon yabusele,1,1,1,1,1,1,0,1
1627825,Rade Zagorac,2016,rade zagorac,0,0,0,0,0,0,6,0
1627826,Ivica Zubac,2016,ivica zubac,1,1,1,1,1,1,0,1
1627833,Isaia Cordinier,2016,isaia cordinier,0,0,0,0,0,0,6,0
1627834,Georgios Papagiannis,2016,georgios papagiannis,1,1,1,1,1,1,0,1
1627835,Paul Zipser,2016,paul zipser,1,1,1,1,1,1,0,1
1627837,David Michineau,2016,david michineau,0,0,0,0,0,0,6,0
1627845,Wang Zhelin,2016,wang zhelin,0,0,0,0,0,0,6,0
1627846,Abdel Nader,2016,abdel nader,1,1,1,1,1,1,0,1
1628365,Markelle Fultz,2017,markelle fultz,0,1,0,0,0,1,4,0
1628366,Lonzo Ball,2017,lonzo ball,1,1,1,1,1,1,0,1
1628367,Josh Jackson,2017,josh jackson,1,1,1,1,1,1,0,1
1628368,De'Aaron Fox,2017,de'aaron fox,1,1,1,1,1,1,0,1
1628369,Jayson Tatum,2017,jayson tatum,1,1,1,1,1,1,0,1
1628370,Malik Monk,2017,malik monk,1,1,1,1,1,1,0,1
1628371,Jonathan Isaac,2017,jonathan isaac,1,1,1,1,1,1,0,1
1628372,Dennis Smith Jr.,2017,dennis smith jr.,0,1,0,0,0,1,4,0
1628373,Frank Ntilikina,2017,frank ntilikina,1,1,1,1,1,1,0,1
1628374,Lauri Markkanen,2017,lauri markkanen,1,1,1,1,1,1,0,1
1628378,Donovan Mitchell,2017,donovan mitchell,1,1,1,1,1,1,0,1
1628379,Luke Kennard,2017,luke kennard,1,1,1,1,1,1,0,1
1628380,Zach Collins,2017,zach collins,1,1,1,1,1,1,0,1
1628381,John Collins,2017,john collins,1,1,1,1,1,1,0,1
1628382,Justin Jackson,2017,justin jackson,1,1,1,1,1,1,0,1
1628383,Justin Patton,2017,justin patton,1,0,1,1,1,1,1,0
1628384,OG Anunoby,2017,og anunoby,1,1,1,1,1,1,0,1
1628385,Harry Giles III,2017,harry giles iii,1,1,1,1,1,1,0,1
1628386,Jarrett Allen,2017,jarrett allen,1,1,1,1,1,1,0,1
1628387,Ike Anigbogu,2017,ike anigbogu,1,1,1,1,1,1,0,1
1628388,T.J. Leaf,2017,t.j. leaf,1,1,1,1,1,1,0,1
1628389,Bam Adebayo,2017,bam adebayo,1,1,1,1,1,1,0,1
1628390,Terrance Ferguson,2017,terrance ferguson,1,1,1,1,1,1,0,1
1628391,D.J. Wilson,2017,d.j. wilson,1,1,1,1,1,1,0,1
1628392,Isaiah Hartenstein,2017,isaiah hartenstein,1,1,1,1,1,1,0,1
1628393,Jawun Evans,2017,jawun evans,1,1,1,1,1,1,0,1
1628394,Anžejs Pasečņiks,2017,anžejs pasečņiks,1,1,1,1,1,1,0,1
1628395,Jordan Bell,2017,jordan bell,1,1,1,1,1,1,0,1
1628396,Tony Bradley,2017,tony bradley,1,1,1,1,1,1,0,1
1628397,Ivan Rabb,2017,ivan rabb,1,1,1,1,1,1,0,1
1628398,Kyle Kuzma,2017,kyle kuzma,1,1,1,1,1,1,0,1
1628399,Tyler Lydon,2017,tyler lydon,1,1,1,1,1,1,0,1
1628400,Semi Ojeleye,2017,semi ojeleye,1,1,1,1,1,1,0,1
1628401,Derrick White,2017,derrick white,1,1,1,1,1,1,0,1
1628402,Frank Jackson,2017,frank jackson,1,1,1,1,1,1,0,1
1628403,Caleb Swanigan,2017,caleb swanigan,1,1,1,1,1,1,0,1
1628404,Josh Hart,2017,josh hart,1,1,1,1,1,1,0,1
1628406,Mathias Lessort,2017,mathias lessort,0,0,0,0,0,0,6,0
1628407,Dwayne Bacon,2017,dwayne bacon,1,1,1,1,1,1,0,1
1628409,Alec Peters,2017,alec peters,1,1,1,1,1,1,0,1
1628410,Edmond Sumner,2017,edmond sumner,1,1,1,1,1,1,0,1
1628411,Wes Iwundu,2017,wes iwundu,1,1,1,1,1,1,0,1
1628412,Frank Mason III,2017,frank mason iii,1,1,1,1,1,1,0,1
1628413,Jonah Bolden,2017,jonah bolden,1,1,1,1,1,1,0,1
1628414,Sindarius Thornwell,2017,sindarius thornwell,1,1,1,1,1,1,0,1
1628415,Dillon Brooks,2017,dillon brooks,1,1,1,1,1,1,0,1
1628416,Tyler Dorsey,2017,tyler dorsey,1,1,1,1,1,1,0,1
1628417,Jaron Blossomgame,2017,jaron blossomgame,1,1,1,1,1,1,0,1
1628418,Thomas Bryant,2017,thomas bryant,1,1,1,1,1,1,0,1
1628420,Monte Morris,2017,monte morris,1,1,1,1,1,1,0,1
1628422,Damyean Dotson,2017,damyean dotson,1,1,1,1,1,1,0,1
1628425,Sterling Brown,2017,sterling brown,1,1,1,1,1,1,0,1
1628426,Sasha Vezenkov,2017,sasha vezenkov,0,1,0,0,0,0,5,0
1628427,Vlatko Čančar,2017,vlatko čančar,1,1,1,1,1,1,0,1
1628430,Nigel Williams-Goss,2017,nigel williams-goss,1,1,1,1,1,1,0,1
1628432,Davon Reed,2017,davon reed,1,1,1,1,1,1,0,1
1628443,Kadeem Allen,2017,kadeem allen,1,1,1,1,1,1,0,1
1628444,Jabari Bird,2017,jabari bird,1,1,1,1,1,1,0,1
1628445,Ognjen Jaramaz,2017,ognjen jaramaz,0,0,0,0,0,0,6,0
1628446,Alpha Kaba,2017,alpha kaba,0,0,0,0,0,0,6,0
1628960,Grayson Allen,2018,grayson allen,1,1,1,1,1,1,0,1
1628961,Kostas Antetokounmpo,2018,kostas antetokounmpo,1,1,1,1,1,1,0,1
1628963,Marvin Bagley III,2018,marvin bagley iii,1,1,1,1,1,1,0,1
1628964,Mo Bamba,2018,mo bamba,1,1,1,1,1,1,0,1
1628966,Keita Bates-Diop,2018,keita bates-diop,1,1,1,1,1,1,0,1
1628969,Mikal Bridges,2018,mikal bridges,1,1,1,1,1,1,0,1
1628970,Miles Bridges,2018,miles bridges,1,1,1,1,1,1,0,1
1628971,Bruce Brown,2018,bruce brown,1,1,1,1,1,1,0,1
1628972,Troy Brown Jr.,2018,troy brown jr.,1,1,1,1,1,1,0,1
1628973,Jalen Brunson,2018,jalen brunson,1,1,1,1,1,1,0,1
1628974,Tony Carr,2018,tony carr,0,0,0,0,0,0,6,0
1628975,Jevon Carter,2018,jevon carter,1,1,1,1,1,1,0,1
1628976,Wendell Carter Jr.,2018,wendell carter jr.,1,1,1,1,1,1,0,1
1628977,Hamidou Diallo,2018,hamidou diallo,1,1,1,1,1,1,0,1
1628978,Donte DiVincenzo,2018,donte divincenzo,1,1,1,1,1,1,0,1
1628980,Jacob Evans,2018,jacob evans,1,1,1,1,1,1,0,1
1628982,Melvin Frazier Jr.,2018,melvin frazier jr.,1,1,1,1,1,1,0,1
1628983,Shai Gilgeous-Alexander,2018,shai gilgeous-alexander,1,1,1,1,1,1,0,1
1628984,Devonte' Graham,2018,devonte' graham,1,1,1,1,1,1,0,1
1628985,Devon Hall,2018,devon hall,1,1,1,1,1,1,0,1
1628987,Kevin Hervey,2018,kevin hervey,1,1,1,1,1,1,0,1
1628988,Aaron Holiday,2018,aaron holiday,1,1,1,1,1,1,0,1
1628989,Kevin Huerter,2018,kevin huerter,1,1,1,1,1,1,0,1
1628990,Chandler Hutchison,2018,chandler hutchison,1,1,1,1,1,1,0,1
1628991,Jaren Jackson Jr.,2018,jaren jackson jr.,1,1,1,1,1,1,0,1
1628992,Justin Jackson,2018,justin jackson,0,0,0,0,0,0,6,0
1628993,Alize Johnson,2018,alize johnson,1,1,1,1,1,1,0,1
1628994,George King,2018,george king,1,1,1,1,1,1,0,1
1628995,Kevin Knox II,2018,kevin knox ii,1,1,1,1,1,1,0,1
1629001,De'Anthony Melton,2018,de'anthony melton,1,1,1,1,1,1,0,1
1629002,Chimezie Metu,2018,chimezie metu,1,1,1,1,1,1,0,1
1629003,Shake Milton,2018,shake milton,1,1,1,1,1,1,0,1
1629004,Svi Mykhailiuk,2018,svi mykhailiuk,1,1,1,1,1,1,0,1
1629006,Josh Okogie,2018,josh okogie,1,1,1,1,1,1,0,1
1629008,Michael Porter Jr.,2018,michael porter jr.,1,1,1,1,1,1,0,1
1629010,Jerome Robinson,2018,jerome robinson,1,1,1,1,1,1,0,1
1629011,Mitchell Robinson,2018,mitchell robinson,1,1,1,1,1,1,0,1
1629012,Collin Sexton,2018,collin sexton,1,1,1,1,1,0,1,0
1629013,Landry Shamet,2018,landry shamet,1,1,1,1,1,1,0,1
1629014,Anfernee Simons,2018,anfernee simons,1,1,1,1,1,1,0,1
1629015,Zhaire Smith,2018,zhaire smith,1,1,1,1,1,1,0,1
1629016,Omari Spellman,2018,omari spellman,1,1,1,1,1,1,0,1
1629017,Khyri Thomas,2018,khyri thomas,1,1,1,1,1,1,0,1
1629018,Gary Trent Jr.,2018,gary trent jr.,1,1,1,1,1,1,0,1
1629020,Jarred Vanderbilt,2018,jarred vanderbilt,1,1,1,1,1,1,0,1
1629021,Moritz Wagner,2018,moritz wagner,1,1,1,1,1,1,0,1
1629022,Lonnie Walker IV,2018,lonnie walker iv,1,1,1,1,1,1,0,1
1629027,Trae Young,2018,trae young,1,1,1,1,1,1,0,1
1629028,Deandre Ayton,2018,deandre ayton,1,1,1,1,1,1,0,1
1629029,Luka Dončić,2018,luka dončić,1,1,1,1,1,1,0,1
1629034,Ray Spalding,2018,ray spalding,1,1,1,1,1,1,0,1
1629053,Vincent Edwards,2018,vincent edwards,1,1,1,1,1,1,0,1
1629057,Robert Williams III,2018,robert williams iii,1,1,1,1,1,1,0,1
1629058,Dzanan Musa,2018,dzanan musa,1,1,1,1,1,1,0,1
1629059,Elie Okobo,2018,elie okobo,1,1,1,1,1,1,0,1
1629066,Rodions Kurucs,2018,rodions kurucs,1,1,1,1,1,1,0,1
1629067,Isaac Bonga,2018,isaac bonga,1,1,1,1,1,1,0,1
1629068,Issuf Sanon,2018,issuf sanon,0,0,0,0,0,0,6,0
1629083,Arnoldas Kulboka,2018,arnoldas kulboka,1,1,1,1,1,1,0,1
1629118,Thomas Welsh,2018,thomas welsh,1,1,1,1,1,1,0,1
1628981,Bruno Fernando,2019,bruno fernando,1,1,1,1,1,1,0,1
1628986,Jaylen Hands,2019,jaylen hands,0,0,0,0,0,0,6,0
1628998,Cody Martin,2019,cody martin,1,1,1,1,1,1,0,1
1629023,P.J. Washington,2019,p.j. washington,1,1,1,1,1,1,0,1
1629035,Carsen Edwards,2019,carsen edwards,1,1,1,1,1,1,0,1
1629048,Goga Bitadze,2019,goga bitadze,1,1,1,1,1,1,0,1
1629060,Rui Hachimura,2019,rui hachimura,1,1,1,1,1,1,0,1
1629079,Vanja Marinkovic,2019,vanja marinkovic,0,0,0,0,0,0,6,0
1629346,Alen Smailagic,2019,alen smailagic,1,1,1,1,1,1,0,1
1629608,Dewan Hernandez,2019,dewan hernandez,1,1,1,1,1,0,1,0
1629611,Terance Mann,2019,terance mann,1,1,1,1,1,0,1,0
1629621,Marial Shayok,2019,marial shayok,1,1,1,1,1,0,1,0
1629625,Justin Wright-Foreman,2019,justin wright-foreman,1,1,1,1,1,1,0,1
1629626,Bol Bol,2019,bol bol,1,1,1,1,1,1,0,1
1629627,Zion Williamson,2019,zion williamson,1,1,1,1,1,1,0,1
1629628,RJ Barrett,2019,rj barrett,1,1,1,1,1,1,0,1
1629629,Cam Reddish,2019,cam reddish,1,1,1,1,1,1,0,1
1629630,Ja Morant,2019,ja morant,1,1,1,1,1,1,0,1
1629631,De'Andre Hunter,2019,de'andre hunter,1,1,1,1,1,1,0,1
1629632,Coby White,2019,coby white,1,1,1,1,1,1,0,1
1629633,Jarrett Culver,2019,jarrett culver,1,1,1,1,1,1,0,1
1629634,Brandon Clarke,2019,brandon clarke,1,1,1,1,1,1,0,1
1629635,Sekou Doumbouya,2019,sekou doumbouya,1,1,1,1,1,1,0,1
1629636,Darius Garland,2019,darius garland,1,1,1,1,1,1,0,1
1629637,Jaxson Hayes,2019,jaxson hayes,1,1,1,1,1,1,0,1
1629638,Nickeil Alexander-Walker,2019,nickeil alexander-walker,1,1,1,1,1,1,0,1
1629639,Tyler Herro,2019,tyler herro,1,1,1,1,1,1,0,1
1629640,Keldon Johnson,2019,keldon johnson,1,1,1,1,1,1,0,1
1629641,Romeo Langford,2019,romeo langford,1,1,1,1,1,1,0,1
1629642,Nassir Little,2019,nassir little,1,1,1,1,1,1,0,1
1629643,Chuma Okeke,2019,chuma okeke,1,1,1,1,1,1,0,1
1629644,KZ Okpala,2019,kz okpala,1,1,1,1,1,1,0,1
1629645,Kevin Porter Jr.,2019,kevin porter jr.,1,1,1,1,1,1,0,1
1629647,Darius Bazley,2019,darius bazley,1,1,1,1,1,1,0,1
1629648,Jordan Bone,2019,jordan bone,1,1,1,1,1,1,0,1
1629649,Ignas Brazdeikis,2019,ignas brazdeikis,1,1,1,1,1,1,0,1
1629651,Nic Claxton,2019,nic claxton,1,1,1,1,1,1,0,1
1629655,Daniel Gafford,2019,daniel gafford,1,1,1,1,1,1,0,1
1629657,Kyle Guy,2019,kyle guy,1,1,1,1,1,1,0,1
1629659,Talen Horton-Tucker,2019,talen horton-tucker,1,1,1,1,1,1,0,1
1629660,Ty Jerome,2019,ty jerome,1,1,1,1,1,1,0,1
1629661,Cameron Johnson,2019,cameron johnson,1,1,1,1,1,1,0,1
1629662,Mfiondu Kabengele,2019,mfiondu kabengele,1,1,1,1,1,1,0,1
1629667,Jalen McDaniels,2019,jalen mcdaniels,1,1,1,1,1,1,0,1
1629669,Jaylen Nowell,2019,jaylen nowell,1,1,1,1,1,1,0,1
1629671,Miye Oni,2019,miye oni,1,1,1,1,1,1,0,1
1629672,Eric Paschall,2019,eric paschall,1,1,1,1,1,1,0,1
1629673,Jordan Poole,2019,jordan poole,1,1,1,1,1,1,0,1
1629676,Isaiah Roby,2019,isaiah roby,1,1,1,1,1,1,0,1
1629677,Luka Samanic,2019,luka samanic,1,1,1,1,1,1,0,1
1629678,Admiral Schofield,2019,admiral schofield,1,1,1,1,1,1,0,1
1629680,Matisse Thybulle,2019,matisse thybulle,1,1,1,1,1,1,0,1
1629682,Tremont Waters,2019,tremont waters,1,1,1,1,1,1,0,1
1629683,Quinndary Weatherspoon,2019,quinndary weatherspoon,1,1,1,1,1,1,0,1
1629684,Grant Williams,2019,grant williams,1,1,1,1,1,1,0,1
1629685,Dylan Windler,2019,dylan windler,1,1,1,1,1,1,0,1
1629686,Deividas Sirvydis,2019,deividas sirvydis,1,1,1,1,1,1,0,1
1629712,Didi Louzada,2019,didi louzada,1,1,1,1,1,1,0,1
1629713,Justin James,2019,justin james,1,0,1,1,1,1,1,0
1629714,Jarrell Brantley,2019,jarrell brantley,1,0,1,1,1,1,1,0
